-999,997.71923,25.54000,48.41504,13.85006,-999,-999,-999,0.28849,0.28070,0.37729,0.32066,0.33449,0.11913,0.25477,0.25229,203122000,213220030,8.86606,386.1,30.6,2019-06-30 19:00:04
-999,997.51818,25.50000,48.84473,13.94970,-999,-999,-999,0.28794,0.27538,-999,-999,-999,-999,-999,-999,-999,-999,-999,386.8,30.6,2019-06-30 19:00:10
-999,997.55407,25.47000,48.95215,13.95611,-999,-999,-999,0.28757,0.27988,0.38059,0.31516,0.33449,0.11895,0.25641,0.25724,210344041,213220030,4.59571,386.2,30.5,2019-06-30 19:00:17
-999,997.20593,25.44000,49.32324,14.04517,-999,-999,-999,0.29234,0.28207,0.37977,0.32011,0.33431,0.12363,0.25770,0.25733,204401341,213220030,6.27010,385.1,30.5,2019-06-30 19:00:21
-999,997.21624,25.39000,49.18555,13.95618,-999,-999,-999,0.28785,0.27832,0.38297,0.32102,0.33495,0.11996,0.25486,0.25623,204443213,213220030,5.97331,380.5,30.5,2019-06-30 19:00:27
-999,997.35076,25.37000,48.91113,13.85158,-999,-999,-999,0.28904,0.27978,-999,-999,-999,-999,-999,-999,-999,-999,-999,386.6,30.5,2019-06-30 19:00:34
-999,996.89434,25.33000,49.25000,13.92138,-999,-999,-999,0.28840,0.28171,0.39076,0.32221,0.33559,0.11813,0.25825,0.25788,212142124,213220033,1.88549,384.9,30.5,2019-06-30 19:00:42
-999,997.62414,25.29000,49.71973,14.03116,-999,-999,-999,0.29335,0.28235,0.40552,0.32139,0.33486,0.12271,0.25641,0.25651,211020140,213220031,4.10072,390.5,30.4,2019-06-30 19:00:45
-999,997.25854,25.26000,49.91894,14.06535,-999,-999,-999,0.29087,0.27905,-999,-999,-999,-999,-999,-999,-999,-999,-999,390.2,30.4,2019-06-30 19:00:49
-999,997.43359,25.24000,49.89648,14.04004,-999,-999,-999,0.29051,0.27969,0.39819,0.31965,0.33761,0.12051,0.25678,0.25403,203314303,213220031,8.21469,388.5,30.3,2019-06-30 19:00:56
-999,997.60681,25.20000,49.84180,13.98638,-999,-999,-999,0.28602,0.28070,0.39663,0.31782,0.33523,0.11840,0.25889,0.25788,211020340,213220031,4.09525,390.5,30.3,2019-06-30 19:01:01
-999,997.32482,25.15000,50.05859,14.00744,-999,-999,-999,0.28922,0.28006,0.39049,0.31846,0.34063,0.12344,0.25678,0.25651,203144222,213220031,8.69522,387.1,30.3,2019-06-30 19:01:09
-999,996.98992,25.13000,50.33887,14.07525,-999,-999,-999,0.29087,0.27813,-999,-999,-999,-999,-999,-999,-999,-999,-999,386.4,30.2,2019-06-30 19:01:12
-999,997.75341,25.10000,50.99219,14.24691,-999,-999,-999,0.29701,0.28070,0.38691,0.31369,0.33596,0.12353,0.25669,0.25687,202413320,213220031,9.59556,387.2,30.2,2019-06-30 19:01:18
-999,997.11883,25.08000,50.89746,14.19975,-999,-999,-999,0.29381,0.28327,0.38416,0.30938,0.33495,0.12848,0.25696,0.25816,210231220,213220031,5.04298,384.5,30.2,2019-06-30 19:01:23
-999,997.39013,25.05000,51.15723,14.25083,-999,-999,-999,0.29252,0.28052,-999,-999,-999,-999,-999,-999,-999,-999,-999,387.9,30.2,2019-06-30 19:01:28
-999,997.86688,25.03000,51.32715,14.28369,-999,-999,-999,0.28941,0.28024,0.38022,0.31342,0.33624,0.12674,0.26081,0.25724,212143211,213220034,1.87006,385.5,30.1,2019-06-30 19:01:36
-999,997.54998,25.01000,50.97168,14.15783,-999,-999,-999,0.29197,0.28207,0.37967,0.31552,0.33871,0.11987,0.25614,0.25761,212034003,213220024,2.27203,385.6,30.1,2019-06-30 19:01:40
-999,997.73767,25.00000,50.92871,14.13559,-999,-999,-999,0.28519,0.27823,-999,-999,-999,-999,-999,-999,-999,-999,-999,383.9,30.1,2019-06-30 19:01:43
-999,997.74609,24.96000,50.76367,14.04865,-999,-999,-999,0.28693,0.28217,0.38242,0.31983,0.33761,0.12757,0.25825,0.25742,204002301,213220034,7.62698,386.8,30.1,2019-06-30 19:01:52
-999,997.29614,24.96000,50.99512,14.11890,-999,-999,-999,0.29087,0.28052,0.38407,0.31314,0.33642,0.12308,0.25880,0.25871,204324413,213220030,6.43295,387.4,30.0,2019-06-30 19:01:56
-999,997.41217,24.94000,51.09473,14.13062,-999,-999,-999,0.29206,0.27978,-999,-999,-999,-999,-999,-999,-999,-999,-999,384.1,30.0,2019-06-30 19:01:59
-999,997.50421,24.93000,51.26367,14.17242,-999,-999,-999,0.29399,0.28125,0.38361,0.31378,0.33468,0.12143,0.25926,0.25751,210033122,213220030,5.70201,384.5,30.0,2019-06-30 19:02:06
-999,997.57922,24.91000,51.50293,14.22596,-999,-999,-999,0.29564,0.28207,0.38297,0.31782,0.33724,0.12812,0.26210,0.25916,211243011,213220030,3.24307,385.0,30.0,2019-06-30 19:02:09
-999,997.37268,24.88000,51.99512,14.34539,-999,-999,-999,0.29463,0.28052,-999,-999,-999,-999,-999,-999,-999,-999,-999,383.1,30.0,2019-06-30 19:02:16
-999,998.30407,24.86000,51.55859,14.19656,-999,-999,-999,0.29151,0.28198,0.38416,0.31442,0.33614,0.12729,0.26274,0.26100,211104422,213220030,3.83337,386.7,29.9,2019-06-30 19:02:23
-999,997.42205,24.85000,51.52734,14.17797,-999,-999,-999,0.29170,0.28061,0.38884,0.31690,0.33459,0.12463,0.26091,0.25898,203344310,213220033,8.00947,384.8,29.9,2019-06-30 19:02:31
-999,997.25549,24.83000,51.58594,14.17709,-999,-999,-999,0.29307,0.28363,0.39140,0.32075,0.33944,0.12527,0.26219,0.25944,212121211,213220031,2.03389,388.2,29.9,2019-06-30 19:02:34
-999,998.25079,24.80000,51.64355,14.16668,-999,-999,-999,0.29674,0.28070,0.39177,0.32029,0.33715,0.12857,0.26118,0.25962,203324134,213220031,8.15001,382.8,29.8,2019-06-30 19:02:41
-999,997.84204,24.80000,51.80371,14.21453,-999,-999,-999,0.29435,0.28152,0.39984,0.32185,0.33376,0.12692,0.26228,0.25916,204222040,213220031,6.81203,391.2,29.8,2019-06-30 19:02:49
-999,997.55310,24.77000,51.88183,14.21015,-999,-999,-999,0.29353,0.28098,0.40515,0.31946,0.33807,0.12967,0.26530,0.26201,203033221,213220034,9.11970,388.6,29.8,2019-06-30 19:02:58
-999,997.65484,24.76000,51.78906,14.17326,-999,-999,-999,0.29197,0.28070,0.40827,0.31827,0.33202,0.12253,0.25907,0.25889,204400221,213220032,6.28782,390.2,29.7,2019-06-30 19:03:04
-999,997.30133,24.74000,51.84863,14.17258,-999,-999,-999,0.29289,0.28079,-999,-999,-999,-999,-999,-999,-999,-999,-999,388.8,29.7,2019-06-30 19:03:09
-999,997.32733,24.71000,52.29785,14.27825,-999,-999,-999,0.29527,0.27951,0.40277,0.31946,0.33807,0.12546,0.25770,0.26026,210130044,213220032,5.40269,388.4,29.6,2019-06-30 19:03:20
-999,997.47460,24.69000,52.37598,14.28286,-999,-999,-999,0.29655,0.28446,0.39938,0.31910,0.34073,0.12812,0.25999,0.25953,210032023,213220024,5.71822,391.6,29.7,2019-06-30 19:03:24
-999,997.67187,24.68000,52.62695,14.34758,-999,-999,-999,0.29720,0.28162,0.39406,0.31635,0.33853,0.13270,0.26081,0.26219,210441101,213220034,4.29463,388.0,29.6,2019-06-30 19:03:28
-999,997.37811,24.66000,52.65527,14.33742,-999,-999,-999,0.29591,0.28107,0.39947,0.31452,0.34100,0.12894,0.26219,0.26201,213220032,213220032,0.00000,387.7,29.6,2019-06-30 19:03:40
-999,997.35845,24.63000,52.35937,14.22253,-999,-999,-999,0.29096,0.27978,0.39800,0.31708,0.34228,0.12546,0.26201,0.26017,210124334,213220042,5.40923,384.0,29.6,2019-06-30 19:03:46
-999,997.87811,24.63000,52.40820,14.23694,-999,-999,-999,0.29665,0.28345,0.39736,0.31332,0.34219,0.12408,0.26063,0.26017,210310144,213220033,4.85287,384.6,29.5,2019-06-30 19:03:55
-999,997.47436,24.61000,52.85058,14.34848,-999,-999,-999,0.29747,0.28171,0.39489,0.31387,0.33871,0.12665,0.26292,0.26091,210341423,213220030,4.62668,384.0,29.5,2019-06-30 19:04:00
-999,997.16705,24.59000,53.05957,14.39106,-999,-999,-999,0.29655,0.28143,0.39424,0.31534,0.33908,0.12363,0.26136,0.26036,202313314,213220033,9.93786,383.0,29.4,2019-06-30 19:04:13
-999,997.38281,24.57000,53.20898,14.41608,-999,-999,-999,0.29720,0.28327,0.40176,0.31378,0.33422,0.12363,0.26026,0.25953,203202433,213220031,8.64806,384.5,29.4,2019-06-30 19:04:16
-999,997.90252,24.57000,53.55078,14.51525,-999,-999,-999,0.29912,0.28299,-999,-999,-999,-999,-999,-999,-999,-999,-999,383.6,29.4,2019-06-30 19:04:19
-999,997.61236,24.56000,53.29785,14.43266,-999,-999,-999,0.29912,0.28217,0.40249,0.31607,0.33816,0.12427,0.26255,0.26017,210220202,213220031,5.12593,387.9,29.4,2019-06-30 19:04:25
-999,996.72637,24.54000,53.42676,14.45156,-999,-999,-999,0.29921,0.28171,0.40634,0.30966,0.33715,0.12683,0.26402,0.26265,210331414,213213304,4.67611,386.0,29.4,2019-06-30 19:04:28
-999,998.14892,24.52000,53.25195,14.38230,-999,-999,-999,0.29298,0.27933,0.40964,0.31681,0.33917,0.12747,0.26173,0.26127,211420241,213213302,2.70979,385.7,29.4,2019-06-30 19:04:36
-999,997.23907,24.51000,52.89941,14.27027,-999,-999,-999,0.29289,0.27804,0.40607,0.31507,0.33935,0.11941,0.26265,0.26072,204210041,213213310,6.88872,390.1,29.3,2019-06-30 19:04:44
-999,997.37658,24.51000,52.65820,14.19961,-999,-999,-999,0.29014,0.28033,0.40680,0.31461,0.34357,0.12473,0.26494,0.26072,204012201,213213311,7.54230,388.6,29.2,2019-06-30 19:04:54
-999,997.39257,24.48000,52.56348,14.14406,-999,-999,-999,0.29216,0.28198,0.41230,0.31470,0.34494,0.12903,0.26494,0.26246,210310200,213213302,4.83287,389.2,29.2,2019-06-30 19:04:58
-999,997.22540,24.47000,52.42187,14.09315,-999,-999,-999,0.29096,0.27997,0.42174,0.31562,0.33770,0.12262,0.26109,0.26045,204402440,213213310,6.23481,388.6,29.2,2019-06-30 19:05:12
-999,997.49578,24.46000,52.72070,14.17172,-999,-999,-999,0.29280,0.28253,0.41807,0.30691,0.33788,0.12408,0.26164,0.25935,210340222,213220033,4.64626,390.7,29.2,2019-06-30 19:05:16
-999,997.07562,24.43000,53.15039,14.26946,-999,-999,-999,0.29720,0.28152,0.42440,0.31617,0.33486,0.12445,0.26246,0.26146,211342300,213220033,2.90752,390.4,29.1,2019-06-30 19:05:20
-999,997.38458,24.43000,52.94043,14.20826,-999,-999,-999,0.29555,0.28244,0.42623,0.31351,0.33990,0.12738,0.26393,0.26127,211411041,213220033,2.79031,389.6,29.1,2019-06-30 19:05:32
-999,997.39990,24.42000,53.00976,14.21924,-999,-999,-999,0.29655,0.28253,0.42513,0.31378,0.34018,0.12628,0.26402,0.26155,204012444,213220034,7.55333,390.6,29.1,2019-06-30 19:05:38
-999,997.50482,24.41000,52.70703,14.12148,-999,-999,-999,0.29426,0.28244,0.42284,0.31525,0.33706,0.12225,0.26228,0.26228,204240314,213220032,6.69569,391.6,29.1,2019-06-30 19:05:44
-999,997.58404,24.40000,52.63476,14.09105,-999,-999,-999,0.29115,0.28244,-999,-999,-999,-999,-999,-999,-999,-999,-999,389.0,29.1,2019-06-30 19:05:52
-999,997.66693,24.39000,52.67383,14.09326,-999,-999,-999,0.29289,0.28217,0.42907,0.31507,0.33779,0.12537,0.26549,0.26365,211313441,213220032,3.09390,389.7,29.0,2019-06-30 19:06:02
-999,997.65399,24.38000,52.48144,14.02752,-999,-999,-999,0.29307,0.28043,0.42357,0.31607,0.33770,0.12775,0.26457,0.26292,211321412,213220024,3.05407,388.5,29.0,2019-06-30 19:06:14
-999,997.57812,24.37000,52.40918,13.99702,-999,-999,-999,0.29390,0.27960,0.41835,0.31534,0.33706,0.11987,0.26347,0.26072,201020121,213220034,12.65178,388.9,29.0,2019-06-30 19:06:16
-999,997.99420,24.35000,52.67871,14.05771,-999,-999,-999,0.29509,0.28143,0.42284,0.31497,0.33715,0.12088,0.26530,0.26292,210003311,213220022,5.90208,389.2,29.0,2019-06-30 19:06:19
-999,997.72186,24.34000,52.83008,14.09277,-999,-999,-999,0.29509,0.28308,-999,-999,-999,-999,-999,-999,-999,-999,-999,388.5,28.9,2019-06-30 19:06:23
-999,997.53015,24.35000,52.79004,14.09031,-999,-999,-999,0.29454,0.27969,0.42898,0.31552,0.33871,0.12518,0.26393,0.26365,210132033,213220024,5.37568,391.7,28.9,2019-06-30 19:06:33
-999,997.56744,24.34000,52.84863,14.09820,-999,-999,-999,0.29463,0.28006,0.43191,0.31846,0.34008,0.12674,0.26430,0.26274,211103003,213220034,3.85940,390.8,28.8,2019-06-30 19:06:36
-999,998.02819,24.33000,52.51562,13.99137,-999,-999,-999,0.29518,0.28134,0.42265,0.31534,0.33651,0.12564,0.26530,0.26420,201310300,213220032,11.68974,385.8,28.8,2019-06-30 19:06:44
-999,997.91406,24.33000,52.64746,14.03006,-999,-999,-999,0.29674,0.28226,0.42018,0.31937,0.34008,0.12738,0.26182,0.26347,202023134,213220022,10.89923,386.8,28.8,2019-06-30 19:06:52
-999,997.53179,24.33000,52.64746,14.03006,-999,-999,-999,0.29692,0.28088,0.41395,0.31296,0.34082,0.12326,0.26521,0.26411,204044002,213220022,7.33342,385.7,28.8,2019-06-30 19:06:58
-999,997.38330,24.32000,52.85644,14.08198,-999,-999,-999,0.29545,0.28336,0.40872,0.31827,0.33834,0.11776,0.26246,0.26155,210401400,213220032,4.55991,382.1,28.7,2019-06-30 19:07:04
-999,997.45153,24.32000,52.92676,14.10251,-999,-999,-999,0.29628,0.28162,0.40772,0.31782,0.33734,0.12610,0.26530,0.26356,211402113,213220030,2.84340,383.2,28.8,2019-06-30 19:07:10
-999,997.48455,24.31000,53.27832,14.19555,-999,-999,-999,0.29738,0.28171,0.40992,0.31782,0.34128,0.12023,0.26595,0.26420,204130441,213220030,7.10183,385.4,28.7,2019-06-30 19:07:19
-999,997.49914,24.30000,53.47754,14.24399,-999,-999,-999,0.29793,0.28143,0.41349,0.31470,0.34183,0.12683,0.26686,0.26283,210122213,213220030,5.43980,385.6,28.7,2019-06-30 19:07:25
-999,997.20880,24.29000,53.53711,14.25194,-999,-999,-999,0.29839,0.28070,0.42055,0.31983,0.34118,0.12436,0.26787,0.26613,202322441,213220030,9.87880,387.3,28.7,2019-06-30 19:07:33
-999,997.37359,24.28000,53.72851,14.29787,-999,-999,-999,0.29747,0.28180,0.41734,0.32093,0.34036,0.12573,0.26943,0.26512,210240302,213220030,4.98629,385.5,28.6,2019-06-30 19:07:42
-999,997.26580,24.27000,54.27930,14.44645,-999,-999,-999,0.30224,0.28189,0.41606,0.32130,0.34109,0.12436,0.26888,0.26595,202010422,213220033,11.00181,388.4,28.6,2019-06-30 19:07:53
-999,997.72155,24.26000,54.06836,14.37689,-999,-999,-999,0.29894,0.28262,0.41551,0.31727,0.34302,0.12729,0.26998,0.26650,210004213,213220023,5.89102,386.4,28.6,2019-06-30 19:08:01
-999,997.42687,24.25000,54.03613,14.35839,-999,-999,-999,0.29839,0.28253,0.41560,0.31717,0.33853,0.12592,0.26686,0.26292,204440312,213220030,6.01172,383.0,28.6,2019-06-30 19:08:05
-999,997.65893,24.25000,54.30859,14.43625,-999,-999,-999,0.30068,0.28043,-999,-999,-999,-999,-999,-999,-999,-999,-999,387.4,28.6,2019-06-30 19:08:11
-999,997.52783,24.24000,54.32715,14.43226,-999,-999,-999,0.29820,0.28207,0.42284,0.31910,0.34320,0.12527,0.26787,0.26375,202243243,213220033,10.07586,388.6,28.5,2019-06-30 19:08:19
-999,997.52404,24.24000,54.62793,14.51778,-999,-999,-999,0.29903,0.27795,0.43200,0.32560,0.34256,0.12372,0.26686,0.26420,210402411,213220023,4.54516,386.3,28.5,2019-06-30 19:08:22
-999,997.06939,24.23000,54.27539,14.40822,-999,-999,-999,0.29655,0.28024,0.42852,0.31837,0.34073,0.12720,0.26860,0.26439,204422432,213220030,6.11733,390.2,28.5,2019-06-30 19:08:29
-999,997.09765,24.22000,54.68652,14.51582,-999,-999,-999,0.30260,0.28253,0.42495,0.32111,0.33816,0.12005,0.26659,0.26420,211010111,213220033,4.17086,388.2,28.5,2019-06-30 19:08:37
-999,997.63494,24.22000,54.70605,14.52135,-999,-999,-999,0.30150,0.28363,0.42192,0.32121,0.34366,0.12152,0.26732,0.26430,210114021,213220031,5.48609,387.3,28.5,2019-06-30 19:08:44
-999,997.40393,24.21000,54.85644,14.55461,-999,-999,-999,0.29784,0.28079,0.41716,0.30984,0.34018,0.12051,0.26622,0.26365,204221123,213220031,6.82374,384.3,28.4,2019-06-30 19:08:50
-999,998.19116,24.21000,54.86621,14.55737,-999,-999,-999,0.30269,0.28253,-999,-999,-999,-999,-999,-999,-999,-999,-999,385.2,28.4,2019-06-30 19:08:58
-999,998.01440,24.20000,54.33203,14.39653,-999,-999,-999,0.29820,0.28382,0.42348,0.32203,0.34155,0.11822,0.26686,0.26439,211120130,213220031,3.75928,386.4,28.4,2019-06-30 19:09:09
-999,997.39093,24.20000,54.41308,14.41961,-999,-999,-999,0.29912,0.28107,0.42055,0.31818,0.34183,0.12005,0.26659,0.26457,203114313,213220031,8.89812,385.8,28.4,2019-06-30 19:09:12
-999,997.55041,24.20000,54.48340,14.43960,-999,-999,-999,0.29903,0.28262,0.41615,0.31928,0.34320,0.11978,0.26723,0.26705,202114144,213220031,10.61180,387.2,28.4,2019-06-30 19:09:16
-999,997.75506,24.20000,54.40234,14.41655,-999,-999,-999,0.30077,0.28519,-999,-999,-999,-999,-999,-999,-999,-999,-999,385.5,28.4,2019-06-30 19:09:22
-999,997.43688,24.20000,53.94824,14.28684,-999,-999,-999,0.29802,0.28262,0.41606,0.31846,0.34494,0.12445,0.26961,0.26576,212202213,213220024,1.81458,384.8,28.4,2019-06-30 19:09:30
-999,997.61523,24.19000,53.91797,14.26889,-999,-999,-999,0.29875,0.28565,0.41358,0.31470,0.34485,0.12610,0.26677,0.26604,211313232,213220031,3.09970,384.0,28.3,2019-06-30 19:09:38
-999,997.41552,24.19000,53.93750,14.27449,-999,-999,-999,0.29967,0.28418,0.41450,0.32047,0.34549,0.12454,0.27099,0.26576,204444423,213220031,5.95371,385.4,28.4,2019-06-30 19:09:41
-999,997.61596,24.18000,54.28906,14.36573,-999,-999,-999,0.30114,0.28152,0.41422,0.32038,0.34641,0.12473,0.27025,0.26723,211214211,213220034,3.42953,381.3,28.3,2019-06-30 19:09:45
-999,997.78466,24.18000,53.72558,14.20435,-999,-999,-999,0.29628,0.28207,0.41688,0.32111,0.34485,0.12418,0.26879,0.26494,204321231,213220024,6.47848,383.2,28.2,2019-06-30 19:10:00
-999,997.51702,24.17000,53.27246,14.06424,-999,-999,-999,0.29710,0.28354,0.41917,0.32121,0.34705,0.12555,0.26833,0.26650,204203102,213220034,6.93468,384.7,28.2,2019-06-30 19:10:17
-999,997.50842,24.17000,53.51367,14.13401,-999,-999,-999,0.30049,0.28519,0.41954,0.31937,0.34852,0.12867,0.26897,0.26521,202242230,213220034,10.09051,380.2,28.2,2019-06-30 19:10:20
-999,997.62249,24.16000,53.62305,14.15629,-999,-999,-999,0.29710,0.27988,0.41990,0.31946,0.33816,0.11923,0.26466,0.26393,211032020,213220032,4.00890,382.3,28.2,2019-06-30 19:10:25
-999,997.96374,24.16000,53.67285,14.17064,-999,-999,-999,0.29967,0.28207,0.42128,0.32258,0.34476,0.12381,0.26888,0.26576,204414002,213220024,6.17085,381.6,28.2,2019-06-30 19:10:27
-999,997.70977,24.16000,53.76367,14.19677,-999,-999,-999,0.29866,0.28152,0.42110,0.32212,0.34247,0.12280,0.26833,0.26512,210233424,213220034,5.01002,384.7,28.2,2019-06-30 19:10:33
-999,997.89544,24.16000,53.80371,14.20827,-999,-999,-999,0.30159,0.28620,0.41954,0.32313,0.34283,0.11859,0.26650,0.26595,204040343,213220032,7.37814,384.4,28.2,2019-06-30 19:10:39
-999,997.58697,24.16000,53.71387,14.18244,-999,-999,-999,0.30242,0.28537,0.42183,0.32102,0.34687,0.11968,0.26879,0.26750,210033303,213220030,5.69753,385.0,28.2,2019-06-30 19:10:49
-999,997.56799,24.16000,53.49219,14.11854,-999,-999,-999,0.29885,0.28244,-999,-999,-999,-999,-999,-999,-999,-999,-999,383.9,28.1,2019-06-30 19:10:54
-999,997.40954,24.16000,53.27051,14.05441,-999,-999,-999,0.30031,0.28501,0.41963,0.32038,0.34815,0.12023,0.26668,0.26622,211413402,213220033,2.75409,383.6,28.2,2019-06-30 19:11:01
-999,997.44177,24.15000,53.57129,14.13211,-999,-999,-999,0.30187,0.28382,0.41972,0.32139,0.34531,0.12280,0.26732,0.26457,204041340,213220030,7.36458,383.7,28.1,2019-06-30 19:11:03
-999,997.55096,24.15000,53.80273,14.19873,-999,-999,-999,0.30031,0.28281,-999,-999,-999,-999,-999,-999,-999,-999,-999,385.0,28.1,2019-06-30 19:11:10
-999,997.14331,24.14000,53.93262,14.22673,-999,-999,-999,0.30114,0.28180,0.42073,0.32368,0.34448,0.12234,0.27062,0.26714,212213201,213220031,1.73349,381.1,28.1,2019-06-30 19:11:20
-999,997.38012,24.13000,54.16211,14.28311,-999,-999,-999,0.30068,0.28281,0.42110,0.32322,0.34604,0.11794,0.26741,0.26595,210421104,213220031,4.43078,384.3,28.1,2019-06-30 19:11:24
-999,997.39880,24.13000,54.50488,14.38072,-999,-999,-999,0.30416,0.28611,0.42174,0.32258,0.34320,0.12280,0.26805,0.26567,210441121,213220031,4.29322,381.8,28.0,2019-06-30 19:11:27
-999,997.29907,24.13000,54.44238,14.36296,-999,-999,-999,0.30178,0.28290,0.41972,0.32047,0.34311,0.12436,0.27034,0.26851,210432014,213220031,4.35089,383.6,28.1,2019-06-30 19:11:33
-999,997.50469,24.12000,54.50293,14.37089,-999,-999,-999,0.30159,0.28198,0.42055,0.32441,0.34824,0.11886,0.27062,0.26851,202331420,213220031,9.82538,381.4,28.0,2019-06-30 19:11:48
-999,997.44580,24.12000,54.81445,14.45913,-999,-999,-999,0.30398,0.28272,0.42247,0.31534,0.34283,0.11822,0.27163,0.26805,210023443,213220031,5.76110,380.0,28.0,2019-06-30 19:11:51
-999,997.54992,24.12000,54.83496,14.46493,-999,-999,-999,0.30224,0.28409,0.42476,0.32212,0.34641,0.12637,0.27108,0.26860,211203040,213220034,3.51555,382.6,28.0,2019-06-30 19:11:58
-999,997.31268,24.13000,54.94531,14.50536,-999,-999,-999,0.30508,0.28519,0.42513,0.31809,0.34558,0.11913,0.26824,0.26631,203401301,213220024,7.98215,380.5,28.0,2019-06-30 19:12:06
-999,997.44244,24.11000,54.68164,14.41228,-999,-999,-999,0.30068,0.28363,-999,-999,-999,-999,-999,-999,-999,-999,-999,381.6,28.0,2019-06-30 19:12:12
-999,997.53692,24.11000,54.86426,14.46391,-999,-999,-999,0.30306,0.28501,0.42440,0.32249,0.34540,0.11822,0.26695,0.26833,211223001,213220030,3.38041,382.5,28.0,2019-06-30 19:12:19
-999,997.31799,24.12000,54.66406,14.41659,-999,-999,-999,0.30214,0.28308,0.43218,0.32258,0.34531,0.12060,0.26915,0.26677,210033421,213220030,5.69391,382.4,27.9,2019-06-30 19:12:26
-999,997.37420,24.11000,54.96289,14.49173,-999,-999,-999,0.30572,0.28556,0.43099,0.32515,0.34329,0.11813,0.26796,0.26741,203332403,213220030,8.10241,384.0,27.9,2019-06-30 19:12:33
-999,997.19311,24.10000,55.09375,14.51928,-999,-999,-999,0.30196,0.28180,0.43741,0.32790,0.34751,0.11675,0.26732,0.26439,204040043,213220030,7.38614,388.4,28.0,2019-06-30 19:12:38
-999,997.31268,24.09000,55.61523,14.65603,-999,-999,-999,0.30810,0.28455,0.44144,0.32350,0.34879,0.12628,0.27346,0.26989,210121410,213220030,5.44834,385.1,27.9,2019-06-30 19:12:43
-999,997.39349,24.09000,55.63574,14.66175,-999,-999,-999,0.30517,0.28464,0.44245,0.32056,0.34751,0.11950,0.26815,0.26714,204342034,213220033,6.33355,386.2,27.9,2019-06-30 19:12:54
-999,997.41247,24.09000,55.45508,14.61131,-999,-999,-999,0.30389,0.28400,0.43906,0.32707,0.34888,0.12060,0.26989,0.26778,212020121,213220031,2.39175,384.7,27.9,2019-06-30 19:12:59
-999,997.34924,24.08000,55.51465,14.61865,-999,-999,-999,0.30416,0.28308,0.43933,0.32295,0.34128,0.11859,0.26723,0.26686,204314231,213220031,6.50604,385.8,27.9,2019-06-30 19:13:08
-999,997.42242,24.08000,55.74512,14.68291,-999,-999,-999,0.30810,0.28611,0.44474,0.32790,0.34329,0.11739,0.26815,0.26604,212420413,213220031,1.01591,386.1,27.9,2019-06-30 19:13:15
-999,997.39080,24.08000,55.66504,14.66061,-999,-999,-999,0.30471,0.28262,-999,-999,-999,-999,-999,-999,-999,-999,-999,386.0,27.9,2019-06-30 19:13:22
-999,997.57690,24.08000,55.20312,14.53142,-999,-999,-999,0.29875,0.28327,0.44978,0.33046,0.34687,0.12234,0.27126,0.26879,210243201,213220031,4.94820,384.4,27.8,2019-06-30 19:13:30
-999,997.74127,24.07000,54.67773,14.37402,-999,-999,-999,0.29839,0.28336,0.45097,0.32661,0.34687,0.11666,0.27025,0.26943,203230104,213220034,8.48026,386.2,27.9,2019-06-30 19:13:38
-999,997.89562,24.08000,54.24707,14.26097,-999,-999,-999,0.29820,0.28455,0.44410,0.32368,0.34925,0.12702,0.27245,0.26943,204444342,213220024,5.95526,384.2,27.9,2019-06-30 19:13:47
-999,998.03149,24.08000,54.00683,14.19235,-999,-999,-999,0.29683,0.28391,0.44446,0.32441,0.34879,0.12436,0.27227,0.26998,211402413,213220034,2.83562,384.1,27.8,2019-06-30 19:13:50
-999,996.79742,24.10000,53.84668,14.16500,-999,-999,-999,0.29894,0.28409,0.44346,0.32817,0.34842,0.11996,0.27007,0.26915,210413443,213220034,4.46185,384.6,27.8,2019-06-30 19:13:53
-999,997.62915,24.10000,53.94726,14.19384,-999,-999,-999,0.29784,0.28327,0.45253,0.32405,0.34485,0.11620,0.26998,0.26796,210204002,213220032,5.21358,389.6,27.8,2019-06-30 19:14:01
-999,997.40045,24.11000,53.81836,14.16614,-999,-999,-999,0.30352,0.28785,0.44941,0.32313,0.34412,0.11913,0.26521,0.26686,212233133,213220032,1.59767,385.4,27.8,2019-06-30 19:14:10
-999,997.55993,24.11000,54.01953,14.22380,-999,-999,-999,0.30618,0.28812,0.44318,0.32478,0.34577,0.11913,0.26604,0.26558,210403033,213220033,4.54163,386.2,27.8,2019-06-30 19:14:22
-999,997.32299,24.12000,53.39648,14.05385,-999,-999,-999,0.30205,0.28693,0.44217,0.32872,0.34962,0.12399,0.27355,0.26805,210231043,213220030,5.04692,383.8,27.8,2019-06-30 19:14:26
-999,997.20452,24.12000,53.76855,14.16110,-999,-999,-999,0.30104,0.28308,0.44465,0.32680,0.34806,0.12381,0.27117,0.26860,203034103,213220033,9.10953,383.2,27.7,2019-06-30 19:14:42
-999,996.86767,24.12000,53.98047,14.22189,-999,-999,-999,0.30324,0.28482,0.44831,0.32414,0.34833,0.12161,0.26979,0.26750,203131323,213220031,8.80182,389.7,27.7,2019-06-30 19:14:45
-999,997.47302,24.12000,54.28223,14.30810,-999,-999,-999,0.30343,0.28492,0.45491,0.32597,0.34962,0.12335,0.27044,0.26714,144224233,213220031,15.32920,387.0,27.7,2019-06-30 19:15:08
-999,997.49536,24.12000,54.30176,14.31367,-999,-999,-999,0.30471,0.28666,0.45849,0.32845,0.35291,0.12353,0.27236,0.26915,201230141,213220023,11.89772,385.3,27.7,2019-06-30 19:15:14
-999,997.42346,24.11000,54.02930,14.22660,-999,-999,-999,0.30379,0.28482,0.45656,0.32570,0.34723,0.12491,0.27108,0.26723,143110424,213220023,17.49896,388.7,27.7,2019-06-30 19:15:18
-999,997.54992,24.12000,53.92969,14.20734,-999,-999,-999,0.30132,0.28372,0.46169,0.32542,0.34430,0.12473,0.26622,0.26604,210330133,213220022,4.71611,391.2,27.7,2019-06-30 19:15:21
-999,997.51733,24.13000,54.06055,14.25408,-999,-999,-999,0.30214,0.28547,0.47571,0.32735,0.34879,0.11932,0.27172,0.26924,210141320,213220032,5.31394,390.7,27.7,2019-06-30 19:15:25
-999,997.45709,24.14000,53.78125,14.18328,-999,-999,-999,0.30315,0.28565,0.48763,0.33294,0.35282,0.12161,0.27071,0.26924,203314444,213220033,8.20985,393.6,27.7,2019-06-30 19:15:29
-999,997.46044,24.15000,54.00391,14.25642,-999,-999,-999,0.30343,0.28327,0.47920,0.32441,0.34861,0.12317,0.27089,0.26796,203133224,213220030,8.77698,391.5,27.7,2019-06-30 19:15:36
-999,997.38220,24.16000,53.80371,14.20827,-999,-999,-999,0.30159,0.28492,-999,-999,-999,-999,-999,-999,-999,-999,-999,389.4,27.7,2019-06-30 19:15:42
-999,997.31408,24.16000,53.87402,14.22846,-999,-999,-999,0.30517,0.28702,0.46866,0.32955,0.35053,0.12427,0.27117,0.26961,204421000,213220031,6.14391,390.8,27.7,2019-06-30 19:15:50
-999,997.34033,24.17000,54.07519,14.29537,-999,-999,-999,0.30535,0.28712,0.45647,0.32276,0.34971,0.12381,0.27044,0.26650,213200032,213220031,0.13669,388.3,27.7,2019-06-30 19:15:52
-999,997.21911,24.15000,54.26562,14.33121,-999,-999,-999,0.30645,0.28492,-999,-999,-999,-999,-999,-999,-999,-999,-999,386.4,27.7,2019-06-30 19:15:57
-999,997.36859,24.16000,54.13574,14.30341,-999,-999,-999,0.30187,0.28464,0.45381,0.32506,0.34677,0.12115,0.27199,0.26686,210404430,213220031,4.51713,387.5,27.7,2019-06-30 19:16:05
-999,997.39062,24.16000,53.91504,14.24023,-999,-999,-999,0.30352,0.28675,0.45106,0.32817,0.34705,0.12179,0.27062,0.26842,204203043,213220031,6.93482,387.9,27.6,2019-06-30 19:16:09
-999,997.38983,24.17000,53.92578,14.25258,-999,-999,-999,0.30379,0.28418,-999,-999,-999,-999,-999,-999,-999,-999,-999,385.4,27.7,2019-06-30 19:16:12
-999,997.74908,24.17000,53.83594,14.22680,-999,-999,-999,0.30288,0.28528,0.46096,0.33514,0.35365,0.12188,0.26989,0.26732,204401132,213220034,6.27642,384.7,27.7,2019-06-30 19:16:20
-999,997.28936,24.18000,53.71582,14.20154,-999,-999,-999,0.30242,0.28446,0.45693,0.33074,0.34852,0.12500,0.27236,0.27108,204201022,213220032,6.96348,385.5,27.7,2019-06-30 19:16:28
-999,997.38891,24.18000,53.85644,14.24196,-999,-999,-999,0.30480,0.28446,0.45455,0.32286,0.35108,0.12170,0.27025,0.26888,212133000,213220032,1.94437,384.6,27.7,2019-06-30 19:16:31
-999,997.62622,24.17000,54.03613,14.28420,-999,-999,-999,0.30324,0.28556,0.44914,0.32680,0.35255,0.12133,0.27126,0.26989,210030404,213220024,5.73562,381.0,27.6,2019-06-30 19:16:38
-999,997.27478,24.18000,53.99805,14.28257,-999,-999,-999,0.30590,0.28675,0.44611,0.32927,0.35236,0.12042,0.27126,0.27062,204303120,213220034,6.59182,384.2,27.6,2019-06-30 19:16:45
-999,996.74688,24.19000,54.13867,14.33208,-999,-999,-999,0.30700,0.28602,0.44621,0.32560,0.35365,0.12207,0.26769,0.26961,204110004,213220032,7.25163,379.9,27.6,2019-06-30 19:16:53
-999,997.64685,24.19000,53.98926,14.28932,-999,-999,-999,0.30590,0.28675,0.44456,0.32441,0.34952,0.12436,0.26943,0.26650,203444413,213220030,7.66411,383.7,27.6,2019-06-30 19:16:59
-999,997.59497,24.21000,53.81055,14.25658,-999,-999,-999,0.30013,0.28088,-999,-999,-999,-999,-999,-999,-999,-999,-999,384.8,27.6,2019-06-30 19:17:07
-999,997.46679,24.22000,53.87109,14.28324,-999,-999,-999,0.29995,0.28372,0.44575,0.32496,0.34742,0.11437,0.27209,0.26924,203300221,213220030,8.33956,386.5,27.7,2019-06-30 19:17:14
-999,997.80737,24.22000,53.92187,14.29782,-999,-999,-999,0.30444,0.28363,0.44547,0.32560,0.35053,0.12088,0.27484,0.27218,204231313,213220030,6.75031,383.3,27.6,2019-06-30 19:17:18
-999,997.58795,24.23000,53.73242,14.25265,-999,-999,-999,0.30379,0.28409,0.44905,0.32799,0.35301,0.11758,0.27429,0.26897,211210400,213220033,3.47933,387.1,27.7,2019-06-30 19:17:26
-999,997.43780,24.23000,53.89355,14.29896,-999,-999,-999,0.30416,0.28528,0.44905,0.32295,0.35420,0.11684,0.27438,0.27080,201110201,213220031,12.37625,384.5,27.7,2019-06-30 19:17:37
-999,997.33673,24.24000,53.89453,14.30852,-999,-999,-999,0.30389,0.28592,0.45115,0.32469,0.35291,0.11409,0.27328,0.27007,211120012,213220023,3.76257,385.1,27.6,2019-06-30 19:17:42
-999,997.70953,24.25000,53.74316,14.27428,-999,-999,-999,0.30471,0.28482,0.45381,0.32955,0.34989,0.11639,0.27465,0.27227,211314401,213220031,3.08230,386.3,27.6,2019-06-30 19:17:46
-999,997.37664,24.25000,53.82519,14.29787,-999,-999,-999,0.30554,0.28675,0.45537,0.32863,0.35310,0.12280,0.27575,0.27025,144044424,213220031,15.87135,384.0,27.6,2019-06-30 19:18:07
-999,997.83502,24.26000,53.80664,14.30181,-999,-999,-999,0.30334,0.28464,0.45519,0.32615,0.34943,0.11730,0.27300,0.26576,200230124,213220023,13.60845,384.9,27.6,2019-06-30 19:18:10
-999,997.53375,24.27000,53.65527,14.26750,-999,-999,-999,0.30361,0.28602,0.45244,0.32515,0.35328,0.11730,0.27447,0.26796,201211332,213220023,12.01581,386.0,27.6,2019-06-30 19:18:13
-999,997.67797,24.28000,53.79883,14.31810,-999,-999,-999,0.30654,0.28464,-999,-999,-999,-999,-999,-999,-999,-999,-999,389.1,27.5,2019-06-30 19:18:16
-999,997.30004,24.29000,53.93945,14.36776,-999,-999,-999,0.30654,0.28620,0.45546,0.33019,0.35090,0.11822,0.27447,0.26961,212203212,213220022,1.80080,384.8,27.6,2019-06-30 19:18:26
-999,997.26171,24.30000,53.49902,14.25020,-999,-999,-999,0.30407,0.28446,0.45729,0.32560,0.34760,0.11804,0.27438,0.27007,204144013,213220040,6.99158,386.5,27.6,2019-06-30 19:18:31
-999,997.77111,24.31000,53.27832,14.19555,-999,-999,-999,0.30407,0.28510,0.45959,0.32680,0.35227,0.12408,0.27520,0.26998,144331421,213220030,14.95505,386.6,27.6,2019-06-30 19:18:42
-999,997.41625,24.31000,53.41894,14.23630,-999,-999,-999,0.30544,0.28730,0.46050,0.33339,0.35181,0.11391,0.27374,0.26906,202320221,213220022,9.91243,385.8,27.6,2019-06-30 19:18:48
-999,997.49310,24.31000,53.76074,14.33495,-999,-999,-999,0.30728,0.28354,0.46169,0.32780,0.35319,0.12399,0.27593,0.27135,204003432,213220030,7.60841,387.0,27.6,2019-06-30 19:18:53
-999,997.21850,24.33000,53.70312,14.33689,-999,-999,-999,0.30590,0.28757,0.46417,0.32900,0.35438,0.12289,0.27511,0.26970,201131401,213220030,12.22021,387.8,27.6,2019-06-30 19:18:59
-999,997.29608,24.32000,53.89453,14.38268,-999,-999,-999,0.30691,0.28629,0.46545,0.32964,0.35511,0.12143,0.27245,0.26952,203000334,213220022,9.36163,388.3,27.5,2019-06-30 19:19:03
-999,998.10137,24.32000,53.65234,14.31299,-999,-999,-999,0.30389,0.28537,-999,-999,-999,-999,-999,-999,-999,-999,-999,386.7,27.5,2019-06-30 19:19:11
-999,997.89501,24.34000,53.50293,14.28838,-999,-999,-999,0.30572,0.28666,0.46206,0.32881,0.35163,0.11776,0.27319,0.26915,210404130,213220030,4.52523,386.4,27.6,2019-06-30 19:19:17
-999,997.52148,24.34000,53.46387,14.27708,-999,-999,-999,0.30297,0.28647,0.46160,0.33138,0.35456,0.11932,0.27254,0.27025,203330023,213220030,8.13962,385.8,27.5,2019-06-30 19:19:28
-999,997.40124,24.36000,53.53613,14.31650,-999,-999,-999,0.30444,0.28547,0.46554,0.33312,0.35301,0.11913,0.27713,0.27099,204430031,213220030,6.08734,384.8,27.5,2019-06-30 19:19:43
-999,997.28106,24.38000,53.50781,14.32683,-999,-999,-999,0.30682,0.28702,0.46554,0.33019,0.35530,0.11822,0.27291,0.27089,143004234,213220033,17.86001,384.6,27.5,2019-06-30 19:19:46
-999,997.17614,24.38000,53.40723,14.29773,-999,-999,-999,0.30379,0.28620,0.46096,0.32661,0.35731,0.12353,0.27557,0.27044,204324221,213220023,6.43788,383.4,27.6,2019-06-30 19:20:06
-999,997.50146,24.40000,53.19824,14.25561,-999,-999,-999,0.30462,0.28821,0.46078,0.33156,0.35493,0.12399,0.27566,0.27108,143032033,213220030,17.68748,383.5,27.6,2019-06-30 19:20:10
-999,997.05529,24.41000,53.32910,14.30286,-999,-999,-999,0.30718,0.28418,0.46325,0.33065,0.35530,0.12133,0.27429,0.27080,201231204,213220022,11.88307,389.9,27.6,2019-06-30 19:20:13
-999,997.35968,24.41000,53.35058,14.30909,-999,-999,-999,0.30453,0.28748,0.45986,0.32579,0.35466,0.11565,0.27190,0.26714,211403212,213220030,2.82709,387.6,27.5,2019-06-30 19:20:16
-999,997.24810,24.43000,53.46387,14.36043,-999,-999,-999,0.30993,0.28693,0.46398,0.32588,0.35117,0.11409,0.27126,0.26494,201430102,213220030,11.21601,387.5,27.6,2019-06-30 19:20:20
-999,997.17047,24.43000,53.62500,14.40702,-999,-999,-999,0.30838,0.28574,0.46820,0.33550,0.35429,0.12179,0.27227,0.26897,202233030,213220022,10.15002,386.9,27.6,2019-06-30 19:20:24
-999,997.24212,24.44000,53.63574,14.41938,-999,-999,-999,0.30746,0.28657,0.46747,0.33239,0.35878,0.12326,0.27447,0.27044,210410213,213220022,4.50927,387.7,27.6,2019-06-30 19:20:33
-999,997.48718,24.45000,53.67773,14.44076,-999,-999,-999,0.30801,0.28602,-999,-999,-999,-999,-999,-999,-999,-999,-999,385.0,27.6,2019-06-30 19:20:37
-999,997.77319,24.46000,53.64746,14.44129,-999,-999,-999,0.30929,0.28620,0.47645,0.33147,0.35548,0.12097,0.27447,0.26970,213220032,213220032,0.00000,385.7,27.6,2019-06-30 19:20:43
-999,997.55877,24.46000,53.82031,14.49112,-999,-999,-999,0.30865,0.28739,0.48158,0.33477,0.35640,0.12637,0.27264,0.26934,210140140,213220041,5.33241,387.3,27.6,2019-06-30 19:20:46
-999,997.58544,24.47000,53.78125,14.48914,-999,-999,-999,0.30838,0.28776,-999,-999,-999,-999,-999,-999,-999,-999,-999,386.7,27.6,2019-06-30 19:20:52
-999,997.43859,24.48000,53.89160,14.53017,-999,-999,-999,0.31122,0.28821,0.47892,0.33202,0.35630,0.11565,0.27438,0.27062,212111421,213220034,2.09659,386.3,27.6,2019-06-30 19:20:59
-999,997.61968,24.49000,54.07519,14.59216,-999,-999,-999,0.30948,0.28684,0.48479,0.33330,0.35566,0.11565,0.27438,0.26952,211023131,213220030,4.06001,386.2,27.6,2019-06-30 19:21:02
-999,997.42419,24.49000,53.98437,14.56610,-999,-999,-999,0.30920,0.28730,0.48268,0.33404,0.35365,0.11639,0.27309,0.26979,213144132,213220030,0.14752,386.0,27.6,2019-06-30 19:21:09
-999,997.40820,24.51000,54.06738,14.60846,-999,-999,-999,0.31012,0.28876,-999,-999,-999,-999,-999,-999,-999,-999,-999,387.3,27.7,2019-06-30 19:21:15
-999,997.88610,24.51000,54.09766,14.61714,-999,-999,-999,0.31131,0.28803,0.48140,0.33798,0.35420,0.11437,0.27300,0.27172,210400421,213220030,4.57218,386.8,27.6,2019-06-30 19:21:23
-999,997.67095,24.52000,54.00781,14.60064,-999,-999,-999,0.31058,0.28950,0.47938,0.33981,0.36125,0.11932,0.27593,0.27300,203301222,213220030,8.32577,386.7,27.6,2019-06-30 19:21:33
-999,997.30499,24.54000,53.86914,14.57933,-999,-999,-999,0.30957,0.28693,0.47782,0.33367,0.35832,0.11739,0.27309,0.27089,210433420,213220030,4.32606,387.9,27.6,2019-06-30 19:21:36
-999,997.56372,24.54000,53.86035,14.57680,-999,-999,-999,0.30966,0.28876,0.47782,0.33743,0.35951,0.12518,0.27117,0.26961,204031224,213220033,7.43668,385.3,27.7,2019-06-30 19:21:39
-999,997.46374,24.54000,53.82031,14.56527,-999,-999,-999,0.30618,0.28666,-999,-999,-999,-999,-999,-999,-999,-999,-999,383.2,27.7,2019-06-30 19:21:46
-999,997.42114,24.56000,53.92187,14.61303,-999,-999,-999,0.31277,0.29005,0.47810,0.34054,0.35750,0.12262,0.27291,0.26989,204334443,213220031,6.36301,385.3,27.6,2019-06-30 19:21:55
-999,997.42047,24.56000,54.10449,14.66547,-999,-999,-999,0.31003,0.28207,0.47581,0.33569,0.35530,0.11309,0.27447,0.27300,202113410,213220031,10.61935,387.8,27.7,2019-06-30 19:22:00
-999,997.32891,24.57000,54.28516,14.72647,-999,-999,-999,0.30838,0.28207,0.48011,0.33532,0.35429,0.11629,0.27264,0.27199,203310110,213220023,8.27436,388.2,27.7,2019-06-30 19:22:05
-999,997.50079,24.58000,54.26660,14.73045,-999,-999,-999,0.30746,0.28510,-999,-999,-999,-999,-999,-999,-999,-999,-999,383.5,27.7,2019-06-30 19:22:10
-999,997.40411,24.59000,54.17773,14.71429,-999,-999,-999,0.31012,0.28693,0.47993,0.34201,0.35740,0.11290,0.27383,0.26952,211424343,213220031,2.67224,386.1,27.7,2019-06-30 19:22:18
-999,997.26684,24.59000,54.06738,14.68265,-999,-999,-999,0.30847,0.28702,0.48378,0.34201,0.36125,0.12124,0.27850,0.27135,204431124,213220031,6.07125,382.8,27.6,2019-06-30 19:22:22
-999,997.37609,24.59000,54.30957,14.75201,-999,-999,-999,0.31113,0.28812,0.48671,0.33999,0.35585,0.12216,0.27648,0.27355,203404204,213220031,7.94372,387.0,27.6,2019-06-30 19:22:26
-999,997.11999,24.60000,54.26074,14.74733,-999,-999,-999,0.30984,0.28950,-999,-999,-999,-999,-999,-999,-999,-999,-999,386.2,27.7,2019-06-30 19:22:34
-999,997.24291,24.60000,54.31055,14.76157,-999,-999,-999,0.31103,0.28684,0.49340,0.34192,0.35630,0.11978,0.27593,0.27117,203234242,213220031,8.42054,386.8,27.7,2019-06-30 19:22:41
-999,997.30981,24.62000,54.13086,14.72868,-999,-999,-999,0.31103,0.29087,0.49084,0.33944,0.35933,0.11978,0.27538,0.27034,204310144,213220031,6.56262,385.8,27.7,2019-06-30 19:22:44
-999,997.42846,24.62000,53.77832,14.62731,-999,-999,-999,0.30792,0.28556,0.50137,0.34595,0.35676,0.12418,0.27364,0.27071,202130444,213220034,10.52181,386.7,27.6,2019-06-30 19:22:50
-999,997.19525,24.63000,53.76855,14.63376,-999,-999,-999,0.30764,0.28785,0.50119,0.34714,0.36208,0.11968,0.27273,0.27053,201440322,213220022,11.14076,385.9,27.7,2019-06-30 19:22:58
-999,997.47271,24.63000,53.99121,14.69787,-999,-999,-999,0.30984,0.28721,0.50367,0.33853,0.35612,0.11400,0.26860,0.26796,203043120,213220024,9.05365,384.7,27.7,2019-06-30 19:23:06
-999,997.43536,24.64000,54.10351,14.73939,-999,-999,-999,0.31076,0.28748,-999,-999,-999,-999,-999,-999,-999,-999,-999,390.9,27.7,2019-06-30 19:23:12
-999,997.69750,24.66000,54.02539,14.73551,-999,-999,-999,0.30966,0.28821,0.50137,0.34274,0.35896,0.12170,0.27557,0.26943,211123421,213220031,3.71047,391.1,27.7,2019-06-30 19:23:19
-999,997.44140,24.67000,54.01465,14.74169,-999,-999,-999,0.30828,0.28730,0.50926,0.34705,0.35860,0.11694,0.27493,0.27236,211024300,213220031,4.04272,387.8,27.7,2019-06-30 19:23:22
-999,997.49432,24.68000,53.71484,14.66459,-999,-999,-999,0.30893,0.28876,0.51815,0.34540,0.35933,0.11153,0.27401,0.27190,204130442,213220034,7.10212,389.8,27.7,2019-06-30 19:23:30
-999,997.54888,24.68000,53.22168,14.52159,-999,-999,-999,0.30746,0.28895,0.52236,0.34467,0.36015,0.11968,0.27612,0.27209,204241440,213220024,6.67776,390.8,27.7,2019-06-30 19:23:35
-999,997.62451,24.70000,53.15332,14.52018,-999,-999,-999,0.30169,0.28473,0.52337,0.34412,0.35850,0.11281,0.27346,0.27181,202211420,213220034,10.30446,391.1,27.7,2019-06-30 19:23:43
-999,997.66046,24.71000,53.11328,14.51776,-999,-999,-999,0.30938,0.28730,0.52209,0.34540,0.36235,0.11849,0.27328,0.27099,211434230,213220022,2.60702,393.2,27.7,2019-06-30 19:23:55
-999,998.06762,24.73000,53.14746,14.54624,-999,-999,-999,0.30883,0.28831,-999,-999,-999,-999,-999,-999,-999,-999,-999,390.3,27.7,2019-06-30 19:23:59
-999,997.45727,24.73000,53.11719,14.53741,-999,-999,-999,0.30691,0.28821,0.51310,0.34806,0.35979,0.11474,0.27520,0.27080,212033304,213220024,2.27739,390.6,27.7,2019-06-30 19:24:07
-999,997.59216,24.74000,53.22851,14.57912,-999,-999,-999,0.30865,0.28803,0.50660,0.34622,0.35942,0.11602,0.27199,0.26796,213220024,213220024,0.00000,391.7,27.7,2019-06-30 19:24:10
-999,997.40454,24.76000,53.02832,14.53921,-999,-999,-999,0.30856,0.28849,0.50422,0.34457,0.35823,0.11538,0.27465,0.27025,204011311,213220042,7.57202,389.9,27.7,2019-06-30 19:24:16
-999,997.77673,24.77000,52.97949,14.53419,-999,-999,-999,0.30819,0.28730,0.50376,0.34531,0.35942,0.11758,0.27135,0.26924,201131433,213220030,12.21835,389.3,27.7,2019-06-30 19:24:27
-999,997.28063,24.76000,53.26172,14.60729,-999,-999,-999,0.30819,0.28657,0.51219,0.34677,0.36208,0.11785,0.27410,0.27355,210000304,213220022,5.94334,388.3,27.7,2019-06-30 19:24:40
-999,996.86077,24.77000,53.42383,14.66369,-999,-999,-999,0.30883,0.28785,0.51549,0.34732,0.35933,0.11620,0.27089,0.26934,211414043,213220030,2.74874,391.4,27.7,2019-06-30 19:24:43
-999,997.35595,24.78000,53.21387,14.61187,-999,-999,-999,0.30838,0.28895,0.51301,0.34751,0.35869,0.11694,0.27456,0.27199,204110033,213220030,7.24989,391.4,27.7,2019-06-30 19:24:47
-999,997.36779,24.80000,53.22461,14.63351,-999,-999,-999,0.30865,0.28748,0.50504,0.34980,0.35915,0.12023,0.27410,0.27154,202314442,213220030,9.91973,390.1,27.7,2019-06-30 19:24:53
-999,997.94030,24.81000,53.36816,14.68455,-999,-999,-999,0.31039,0.28922,0.50871,0.35337,0.35832,0.11547,0.27355,0.27099,202104013,213220030,10.68459,393.1,27.7,2019-06-30 19:25:01
-999,997.90765,24.82000,53.32812,14.68216,-999,-999,-999,0.30948,0.28913,0.50577,0.34705,0.35566,0.11584,0.27108,0.26668,204122410,213220022,7.14431,390.0,27.7,2019-06-30 19:25:12
-999,997.58337,24.83000,53.15820,14.64191,-999,-999,-999,0.30654,0.28785,-999,-999,-999,-999,-999,-999,-999,-999,-999,389.6,27.7,2019-06-30 19:25:16
-999,997.37170,24.85000,52.98926,14.61105,-999,-999,-999,0.30783,0.28904,0.50495,0.35365,0.36144,0.12060,0.27447,0.26879,200400111,213220032,13.13092,391.8,27.7,2019-06-30 19:25:25
-999,997.39306,24.86000,53.26269,14.70014,-999,-999,-999,0.31177,0.28831,0.50018,0.35227,0.35768,0.11849,0.26961,0.26760,204021244,213220022,7.50338,391.2,27.7,2019-06-30 19:25:31
-999,997.79248,24.87000,53.52637,14.78605,-999,-999,-999,0.31076,0.28684,0.49789,0.35264,0.35905,0.11978,0.27071,0.27080,202020003,213220030,10.94505,387.6,27.7,2019-06-30 19:25:34
-999,997.56829,24.88000,53.66797,14.83635,-999,-999,-999,0.30792,0.28482,-999,-999,-999,-999,-999,-999,-999,-999,-999,387.0,27.7,2019-06-30 19:25:39
-999,997.37170,24.89000,53.68945,14.85183,-999,-999,-999,0.31021,0.28794,0.49863,0.35365,0.36217,0.11996,0.27053,0.26934,203444213,213220022,7.66928,387.2,27.7,2019-06-30 19:25:45
-999,997.50329,24.89000,53.30762,14.74099,-999,-999,-999,0.30773,0.28886,0.49661,0.35291,0.35850,0.11263,0.27080,0.26998,210200142,213220030,5.26317,384.3,27.7,2019-06-30 19:25:51
-999,997.90313,24.90000,53.13672,14.70042,-999,-999,-999,0.30773,0.28647,-999,-999,-999,-999,-999,-999,-999,-999,-999,390.2,27.7,2019-06-30 19:25:54
-999,997.03204,24.91000,53.13867,14.71024,-999,-999,-999,0.30764,0.28629,0.49450,0.35365,0.35970,0.12308,0.27264,0.27025,210411104,213220030,4.49908,386.5,27.7,2019-06-30 19:26:02
-999,997.40686,24.94000,52.85937,14.65623,-999,-999,-999,0.30810,0.28931,0.49249,0.35108,0.35832,0.12005,0.27319,0.26934,204004401,213220030,7.59648,388.9,27.7,2019-06-30 19:26:05
-999,997.48382,24.95000,52.42676,14.53806,-999,-999,-999,0.30526,0.28776,0.49120,0.34916,0.35795,0.11758,0.27071,0.26915,212234331,213220030,1.57852,389.5,27.7,2019-06-30 19:26:11
-999,997.27893,24.95000,52.26562,14.49036,-999,-999,-999,0.30773,0.28831,-999,-999,-999,-999,-999,-999,-999,-999,-999,386.9,27.7,2019-06-30 19:26:18
-999,997.31811,24.96000,52.18652,14.47613,-999,-999,-999,0.30609,0.28702,0.49084,0.35374,0.35951,0.11666,0.27447,0.27062,204322102,213220033,6.46948,387.3,27.7,2019-06-30 19:26:24
-999,997.60876,24.97000,52.32812,14.52735,-999,-999,-999,0.30792,0.28812,0.49468,0.35447,0.35832,0.11721,0.27374,0.26961,210043010,213220031,5.63722,384.8,27.7,2019-06-30 19:26:28
-999,997.42578,24.98000,52.49023,14.58453,-999,-999,-999,0.31085,0.28867,-999,-999,-999,-999,-999,-999,-999,-999,-999,384.9,27.7,2019-06-30 19:26:33
-999,997.62500,24.99000,52.59277,14.62403,-999,-999,-999,0.31158,0.28766,0.49349,0.35456,0.35658,0.11721,0.26989,0.26906,203014441,213220031,9.23595,387.3,27.7,2019-06-30 19:26:39
-999,997.48236,25.00000,52.65430,14.65141,-999,-999,-999,0.30948,0.28794,-999,-999,-999,-999,-999,-999,-999,-999,-999,381.6,27.7,2019-06-30 19:26:42
-999,997.40032,25.00000,52.73535,14.67527,-999,-999,-999,0.31122,0.28766,0.48891,0.35823,0.35374,0.12088,0.27190,0.27062,204021422,213220031,7.49962,383.1,27.7,2019-06-30 19:26:54
-999,997.21234,25.01000,52.76660,14.69370,-999,-999,-999,0.31186,0.28858,0.48781,0.35832,0.35282,0.11675,0.26924,0.27016,210014121,213220031,5.82534,385.0,27.7,2019-06-30 19:26:57
-999,997.06201,25.01000,52.73633,14.68480,-999,-999,-999,0.30819,0.28638,0.48818,0.35502,0.35649,0.11868,0.26998,0.27144,203044323,213220034,9.03467,383.4,27.7,2019-06-30 19:27:01
-999,996.97998,25.01000,52.33301,14.56574,-999,-999,-999,0.30828,0.28391,-999,-999,-999,-999,-999,-999,-999,-999,-999,380.0,27.7,2019-06-30 19:27:04
-999,997.46093,25.03000,52.39648,14.60301,-999,-999,-999,0.30792,0.28849,0.48250,0.35337,0.35869,0.12399,0.27108,0.26943,204000431,213220031,7.64966,384.9,27.7,2019-06-30 19:27:12
-999,997.53887,25.03000,52.38574,14.59982,-999,-999,-999,0.30737,0.28766,0.48662,0.35511,0.35850,0.11831,0.26741,0.26549,210131210,213220024,5.38531,382.2,27.7,2019-06-30 19:27:15
-999,996.91687,25.05000,52.41797,14.62784,-999,-999,-999,0.31287,0.29051,0.48515,0.35704,0.35786,0.12335,0.27025,0.27264,201023443,213220034,12.60122,382.3,27.7,2019-06-30 19:27:20
-999,997.39013,25.05000,52.45801,14.63968,-999,-999,-999,0.30883,0.28886,0.48204,0.35933,0.35612,0.11895,0.26934,0.27053,204311214,213220022,6.54744,381.0,27.7,2019-06-30 19:27:29
-999,997.48419,25.07000,52.47070,14.66191,-999,-999,-999,0.30938,0.28858,-999,-999,-999,-999,-999,-999,-999,-999,-999,381.3,27.7,2019-06-30 19:27:35
-999,997.54248,25.08000,52.40137,14.65064,-999,-999,-999,0.31360,0.29179,0.48387,0.36107,0.35823,0.11840,0.26943,0.26924,204401334,213220032,6.27053,383.1,27.7,2019-06-30 19:27:42
-999,997.54577,25.09000,52.57422,14.71097,-999,-999,-999,0.31177,0.28959,0.48332,0.35392,0.35383,0.12243,0.27099,0.27245,203132222,213220024,8.79078,384.9,27.8,2019-06-30 19:27:50
-999,997.57672,25.10000,52.79687,14.78582,-999,-999,-999,0.31122,0.28849,0.48268,0.35640,0.36254,0.11657,0.26815,0.27154,200403221,213220030,13.08641,383.8,27.7,2019-06-30 19:27:55
-999,997.57067,25.11000,52.60644,14.73896,-999,-999,-999,0.31113,0.28803,-999,-999,-999,-999,-999,-999,-999,-999,-999,382.7,27.8,2019-06-30 19:27:58
-999,997.68334,25.12000,52.39551,14.68585,-999,-999,-999,0.31158,0.29078,0.48543,0.35566,0.35832,0.12152,0.26943,0.27044,204122023,213220022,7.15438,382.2,27.7,2019-06-30 19:28:09
-999,997.63299,25.12000,52.25488,14.64416,-999,-999,-999,0.30957,0.28876,0.47911,0.35154,0.35521,0.11245,0.26842,0.26906,210241024,213220030,4.97951,379.4,27.8,2019-06-30 19:28:12
-999,997.60064,25.13000,52.34668,14.68062,-999,-999,-999,0.30920,0.28766,0.47975,0.35209,0.35392,0.11648,0.26833,0.27099,211022230,213220030,4.07107,385.1,27.8,2019-06-30 19:28:15
-999,997.17950,25.15000,52.22656,14.66345,-999,-999,-999,0.30984,0.28831,-999,-999,-999,-999,-999,-999,-999,-999,-999,382.6,27.7,2019-06-30 19:28:22
-999,997.92700,25.14000,52.38867,14.70230,-999,-999,-999,0.30838,0.28776,0.47782,0.35319,0.35960,0.11501,0.26934,0.26851,202121440,213220030,10.57657,382.7,27.8,2019-06-30 19:28:29
-999,997.74688,25.16000,52.43066,14.73321,-999,-999,-999,0.31103,0.28931,0.48030,0.35090,0.35869,0.11648,0.27108,0.27154,201211201,213220022,12.02020,384.2,27.8,2019-06-30 19:28:36
-999,997.73583,25.18000,52.45312,14.75834,-999,-999,-999,0.31158,0.28858,0.48286,0.35805,0.35658,0.11474,0.27080,0.26805,204442434,213220022,5.98000,384.9,27.8,2019-06-30 19:28:39
-999,997.55212,25.20000,52.30469,14.73282,-999,-999,-999,0.31113,0.28803,-999,-999,-999,-999,-999,-999,-999,-999,-999,383.0,27.8,2019-06-30 19:28:45
-999,997.89648,25.21000,52.22558,14.71856,-999,-999,-999,0.30957,0.28867,0.48295,0.35521,0.35676,0.12033,0.27071,0.27053,204403012,213220024,6.25238,385.6,27.8,2019-06-30 19:28:52
-999,997.98547,25.23000,52.08594,14.69548,-999,-999,-999,0.30874,0.28812,0.48488,0.35786,0.35750,0.11565,0.26549,0.26530,202240000,213220034,10.12499,384.4,27.8,2019-06-30 19:28:56
-999,997.46423,25.25000,52.30078,14.77783,-999,-999,-999,0.30801,0.28657,-999,-999,-999,-999,-999,-999,-999,-999,-999,384.1,27.8,2019-06-30 19:29:00
-999,997.43017,25.27000,52.16211,14.75508,-999,-999,-999,0.31039,0.28986,0.48149,0.35750,0.35667,0.11721,0.26769,0.26870,204000434,213220022,7.64893,382.2,27.8,2019-06-30 19:29:07
-999,997.43273,25.29000,52.40527,14.84577,-999,-999,-999,0.31378,0.29151,0.47801,0.35585,0.35704,0.11831,0.26815,0.27007,210410413,213220024,4.50401,384.1,27.8,2019-06-30 19:29:10
-999,997.24468,25.30000,51.98242,14.72921,-999,-999,-999,0.30966,0.28913,-999,-999,-999,-999,-999,-999,-999,-999,-999,384.1,27.8,2019-06-30 19:29:17
-999,997.45666,25.32000,51.80371,14.69422,-999,-999,-999,0.30957,0.28959,0.47883,0.35603,0.35814,0.11840,0.27062,0.26952,203141341,213220034,8.73284,384.8,27.8,2019-06-30 19:29:23
-999,997.45233,25.31000,52.10449,14.77485,-999,-999,-999,0.31470,0.29005,0.47581,0.35218,0.35869,0.11739,0.27089,0.27053,203134043,213220030,8.76779,384.0,27.8,2019-06-30 19:29:27
-999,997.25091,25.32000,52.26855,14.83290,-999,-999,-999,0.31241,0.28895,-999,-999,-999,-999,-999,-999,-999,-999,-999,383.3,27.8,2019-06-30 19:29:32
-999,997.30053,25.33000,52.34961,14.86621,-999,-999,-999,0.31030,0.28794,0.48314,0.35530,0.35832,0.11794,0.27044,0.27144,203434443,213220030,7.73087,385.9,27.8,2019-06-30 19:29:39
-999,997.32690,25.34000,52.41113,14.89370,-999,-999,-999,0.31021,0.28840,0.48873,0.35282,0.35850,0.11739,0.26970,0.26842,202343042,213220030,9.73916,386.8,27.8,2019-06-30 19:29:42
-999,997.43127,25.34000,52.48340,14.91511,-999,-999,-999,0.31113,0.28849,0.48589,0.35429,0.36235,0.11428,0.26842,0.27053,204241041,213220030,6.68870,386.2,27.8,2019-06-30 19:29:49
-999,997.84295,25.37000,52.44531,14.93154,-999,-999,-999,0.31131,0.28547,-999,-999,-999,-999,-999,-999,-999,-999,-999,385.9,27.8,2019-06-30 19:29:55
-999,997.58312,25.37000,52.55566,14.96422,-999,-999,-999,0.31076,0.28913,0.48350,0.35548,0.35850,0.12051,0.26924,0.26943,204304332,213220033,6.57180,385.8,27.8,2019-06-30 19:30:02
-999,997.79125,25.38000,52.24414,14.88105,-999,-999,-999,0.31039,0.28895,0.48030,0.35383,0.35860,0.11776,0.26796,0.26915,203121441,213220031,8.86660,383.9,27.8,2019-06-30 19:30:08
-999,997.37170,25.39000,52.31543,14.91147,-999,-999,-999,0.31241,0.28950,0.48204,0.34907,0.35603,0.11703,0.26732,0.26549,204112131,213220031,7.22012,386.9,27.8,2019-06-30 19:30:18
-999,997.39331,25.40000,52.29687,14.91519,-999,-999,-999,0.31287,0.29124,0.48222,0.35832,0.35676,0.11749,0.26906,0.26879,200240230,213220031,13.53749,385.6,27.8,2019-06-30 19:30:21
-999,997.86907,25.42000,52.17871,14.89850,-999,-999,-999,0.31168,0.28904,0.48809,0.35713,0.35438,0.11529,0.26989,0.26989,211130211,213220023,3.68881,383.0,27.8,2019-06-30 19:30:26
-999,997.72735,25.43000,51.92578,14.83224,-999,-999,-999,0.31241,0.29032,0.48488,0.34952,0.35750,0.12143,0.26879,0.26915,210220412,213220031,5.11991,387.7,27.8,2019-06-30 19:30:37
-999,997.54888,25.43000,51.82812,14.80300,-999,-999,-999,0.31223,0.29225,0.48928,0.36052,0.35731,0.11345,0.26787,0.27089,204424431,213220031,6.09018,385.0,27.8,2019-06-30 19:30:43
-999,997.48809,25.45000,51.90918,14.84572,-999,-999,-999,0.31012,0.28931,-999,-999,-999,-999,-999,-999,-999,-999,-999,382.9,27.8,2019-06-30 19:30:50
-999,997.52416,25.45000,52.01074,14.87609,-999,-999,-999,0.31158,0.28876,0.48515,0.35346,0.36043,0.11703,0.26677,0.26961,203243033,213220031,8.37173,388.2,27.8,2019-06-30 19:31:00
-999,997.48559,25.47000,52.02344,14.89834,-999,-999,-999,0.31268,0.28959,0.48213,0.35676,0.35832,0.11501,0.26631,0.26613,211101032,213220031,3.88491,386.4,27.8,2019-06-30 19:31:04
-999,997.45227,25.48000,52.07617,14.92331,-999,-999,-999,0.31387,0.29225,0.48167,0.35695,0.35869,0.11804,0.26741,0.26833,210332044,213220034,4.69156,384.7,27.8,2019-06-30 19:31:08
-999,997.51562,25.49000,52.09570,14.93837,-999,-999,-999,0.31122,0.29161,0.48369,0.35447,0.36043,0.11556,0.26805,0.26842,211011220,213220032,4.15390,386.4,27.8,2019-06-30 19:31:16
-999,997.47454,25.49000,51.72266,14.82670,-999,-999,-999,0.30874,0.28968,-999,-999,-999,-999,-999,-999,-999,-999,-999,386.2,27.9,2019-06-30 19:31:21
-999,997.40515,25.49000,51.48047,14.75382,-999,-999,-999,0.31213,0.29289,0.48405,0.35530,0.35630,0.11886,0.26677,0.26815,203021021,213220024,9.22043,386.3,27.8,2019-06-30 19:31:31
-999,997.76934,25.50000,51.55078,14.78423,-999,-999,-999,0.30984,0.29023,0.48754,0.35466,0.35511,0.11327,0.26631,0.26860,203432032,213220034,7.77023,389.0,27.8,2019-06-30 19:31:35
-999,997.60357,25.51000,51.76562,14.85804,-999,-999,-999,0.31250,0.29142,0.49120,0.35374,0.35795,0.11767,0.26622,0.27099,210420331,213220030,4.43757,387.8,27.8,2019-06-30 19:31:38
-999,997.50537,25.54000,51.97949,14.94979,-999,-999,-999,0.31378,0.29060,0.49010,0.35832,0.35704,0.11987,0.26760,0.27025,203143341,213220030,8.70508,385.7,27.8,2019-06-30 19:31:47
-999,997.52770,25.54000,52.21289,15.01947,-999,-999,-999,0.31314,0.28904,-999,-999,-999,-999,-999,-999,-999,-999,-999,385.9,27.8,2019-06-30 19:31:52
-999,997.44281,25.56000,52.16504,15.02367,-999,-999,-999,0.31277,0.28977,0.48790,0.35878,0.35630,0.11547,0.26668,0.26915,202123042,213213303,10.54163,385.9,27.8,2019-06-30 19:32:00
-999,997.56024,25.58000,52.17676,15.04562,-999,-999,-999,0.31149,0.28867,0.48332,0.35896,0.35933,0.11739,0.26879,0.26805,204142434,213213301,6.98705,385.8,27.8,2019-06-30 19:32:04
-999,997.53607,25.59000,52.09668,15.03096,-999,-999,-999,0.31323,0.29197,-999,-999,-999,-999,-999,-999,-999,-999,-999,383.5,27.8,2019-06-30 19:32:08
-999,997.61218,25.60000,52.20898,15.07369,-999,-999,-999,0.31397,0.29069,0.48295,0.35291,0.35612,0.11804,0.26750,0.26705,210411202,213213304,4.47712,386.9,27.8,2019-06-30 19:32:14
-999,997.53802,25.61000,52.22070,15.08642,-999,-999,-999,0.31232,0.29014,0.47801,0.35511,0.35860,0.11327,0.26595,0.26760,212211040,213213302,1.74391,385.9,27.8,2019-06-30 19:32:18
-999,997.69110,25.63000,52.22266,15.10547,-999,-999,-999,0.31433,0.29078,0.47791,0.35805,0.35841,0.11602,0.27108,0.27108,210103030,213213310,5.54850,388.5,27.9,2019-06-30 19:32:31
-999,997.48596,25.63000,51.72851,14.95756,-999,-999,-999,0.31094,0.29051,0.48057,0.35493,0.35759,0.11657,0.26741,0.26283,203422413,213213311,7.80971,385.8,27.8,2019-06-30 19:32:34
-999,997.24627,25.65000,51.94238,15.04018,-999,-999,-999,0.31277,0.28986,-999,-999,-999,-999,-999,-999,-999,-999,-999,385.4,27.8,2019-06-30 19:32:38
-999,997.67028,25.65000,52.20508,15.11869,-999,-999,-999,0.31488,0.28904,0.48094,0.35411,0.35970,0.12042,0.26604,0.26613,201311012,213220032,11.68350,388.6,27.9,2019-06-30 19:32:45
-999,997.45397,25.67000,51.88379,15.04107,-999,-999,-999,0.30627,0.28592,0.48286,0.35319,0.35585,0.11923,0.27044,0.26906,200003204,213213244,14.43725,384.3,27.9,2019-06-30 19:32:50
-999,997.60375,25.68000,51.91601,15.05996,-999,-999,-999,0.31048,0.28730,0.48378,0.35576,0.36162,0.12124,0.26787,0.26870,202333433,213213300,9.77829,383.6,27.9,2019-06-30 19:32:57
-999,997.64306,25.69000,52.03808,15.10574,-999,-999,-999,0.31067,0.28867,-999,-999,-999,-999,-999,-999,-999,-999,-999,381.6,27.9,2019-06-30 19:33:02
-999,997.59594,25.71000,52.04980,15.12769,-999,-999,-999,0.31213,0.28941,0.47819,0.35181,0.35740,0.12280,0.26631,0.26714,201320001,213220030,11.62925,385.5,27.8,2019-06-30 19:33:09
-999,997.67736,25.71000,52.17187,15.16417,-999,-999,-999,0.31424,0.28931,0.48039,0.35099,0.35291,0.11611,0.26558,0.26778,203003303,213220022,9.32234,386.6,27.9,2019-06-30 19:33:13
-999,997.61907,25.74000,51.93262,15.12029,-999,-999,-999,0.31058,0.29216,-999,-999,-999,-999,-999,-999,-999,-999,-999,383.7,27.9,2019-06-30 19:33:17
-999,997.24468,25.75000,51.77148,15.08114,-999,-999,-999,0.30948,0.28739,0.48525,0.35053,0.35704,0.11996,0.26695,0.26732,210023103,213220030,5.77140,384.4,27.9,2019-06-30 19:33:25
-999,997.60400,25.76000,51.64160,15.05127,-999,-999,-999,0.31094,0.28867,0.48662,0.35236,0.35960,0.11923,0.26943,0.26787,204120213,213220030,7.17712,385.2,27.9,2019-06-30 19:33:28
-999,997.14453,25.74000,51.43848,14.97154,-999,-999,-999,0.30938,0.28931,-999,-999,-999,-999,-999,-999,-999,-999,-999,387.8,27.9,2019-06-30 19:33:33
-999,997.39343,25.76000,51.50098,15.00885,-999,-999,-999,0.31012,0.29060,0.48277,0.34971,0.35997,0.11455,0.27062,0.26961,203310032,213220030,8.27598,386.3,27.9,2019-06-30 19:33:39
-999,997.76110,25.78000,51.68359,15.08236,-999,-999,-999,0.31131,0.28950,0.48240,0.34742,0.35841,0.11464,0.27117,0.26998,204231243,213220030,6.75141,385.4,27.9,2019-06-30 19:33:42
-999,997.60913,25.79000,51.80762,15.12889,-999,-999,-999,0.31497,0.29060,0.48094,0.34659,0.35970,0.11620,0.27190,0.26897,212221210,213220033,1.69222,386.3,27.9,2019-06-30 19:33:48
-999,997.42016,25.81000,51.85937,15.16288,-999,-999,-999,0.31415,0.29216,-999,-999,-999,-999,-999,-999,-999,-999,-999,386.3,27.9,2019-06-30 19:33:55
-999,997.61431,25.83000,51.98340,15.21854,-999,-999,-999,0.31351,0.28620,0.47810,0.34329,0.35667,0.11703,0.26448,0.26915,204202214,213220031,6.94456,385.0,27.9,2019-06-30 19:34:02
-999,997.73638,25.83000,51.82226,15.17019,-999,-999,-999,0.31277,0.28886,0.47223,0.34549,0.35878,0.11758,0.26705,0.26833,211010333,213220031,4.16387,386.9,27.9,2019-06-30 19:34:06
-999,997.61151,25.85000,51.76269,15.17071,-999,-999,-999,0.31131,0.28931,0.47232,0.34238,0.35814,0.11474,0.26750,0.26842,211421313,213220031,2.71492,387.0,27.9,2019-06-30 19:34:13
-999,997.65008,25.87000,51.77539,15.19298,-999,-999,-999,0.30929,0.28831,0.47416,0.34842,0.35814,0.11730,0.27089,0.27227,210210240,213220031,5.19236,385.5,27.9,2019-06-30 19:34:22
-999,997.54388,25.88000,51.87891,15.23332,-999,-999,-999,0.31360,0.29087,0.47159,0.33798,0.35823,0.11556,0.27071,0.26897,202334040,213220034,9.79449,382.7,27.9,2019-06-30 19:34:31
-999,997.54241,25.90000,51.74902,15.21271,-999,-999,-999,0.31387,0.29161,0.47306,0.34668,0.36281,0.11785,0.27071,0.26888,203104042,213220032,8.97329,383.7,27.9,2019-06-30 19:34:36
-999,997.79968,25.92000,51.31641,15.10041,-999,-999,-999,0.30691,0.29170,0.47581,0.34274,0.35466,0.11666,0.26796,0.26714,204424314,213220032,6.09379,383.5,27.9,2019-06-30 19:34:43
-999,997.65771,25.92000,51.08398,15.02977,-999,-999,-999,0.31177,0.29133,-999,-999,-999,-999,-999,-999,-999,-999,-999,387.4,28.0,2019-06-30 19:34:50
-999,997.59692,25.94000,51.04590,15.03659,-999,-999,-999,0.30993,0.29106,0.47297,0.34503,0.36180,0.11996,0.26961,0.27044,202304044,213220024,9.99875,384.8,28.0,2019-06-30 19:34:59
-999,997.67657,25.96000,50.93750,15.02192,-999,-999,-999,0.31461,0.28996,0.47113,0.34082,0.35887,0.11767,0.26695,0.27007,203201212,213220030,8.66831,388.4,28.0,2019-06-30 19:35:07
-999,997.48748,25.98000,50.88769,15.02511,-999,-999,-999,0.31131,0.29151,0.46563,0.33679,0.35557,0.11749,0.26631,0.26787,210200311,213220030,5.25945,385.6,28.1,2019-06-30 19:35:15
-999,997.49517,25.99000,50.78906,15.00414,-999,-999,-999,0.30948,0.28959,0.46380,0.33697,0.35621,0.11354,0.26255,0.26503,202343231,213220030,9.73434,384.3,28.0,2019-06-30 19:35:20
-999,997.67993,26.01000,50.54883,14.94881,-999,-999,-999,0.31067,0.29087,0.46435,0.33605,0.35860,0.11043,0.26787,0.26595,203110031,213220030,8.96007,384.7,28.0,2019-06-30 19:35:23
-999,997.58123,26.04000,50.41992,14.93669,-999,-999,-999,0.30783,0.29032,-999,-999,-999,-999,-999,-999,-999,-999,-999,384.7,28.0,2019-06-30 19:35:29
-999,997.73510,26.05000,50.53320,14.98078,-999,-999,-999,0.30993,0.29133,0.46435,0.34155,0.36015,0.11519,0.26732,0.27062,203100233,213220030,9.02278,386.8,28.0,2019-06-30 19:35:36
-999,997.67779,26.07000,50.85840,15.09897,-999,-999,-999,0.31452,0.28941,0.46169,0.34027,0.35823,0.11620,0.26888,0.27007,211340033,213220031,2.94091,384.3,28.1,2019-06-30 19:35:39
-999,997.63500,26.09000,51.13379,15.20147,-999,-999,-999,0.31516,0.29032,-999,-999,-999,-999,-999,-999,-999,-999,-999,385.7,28.0,2019-06-30 19:35:44
-999,997.71966,26.10000,51.18652,15.22673,-999,-999,-999,0.31305,0.29005,0.46719,0.34128,0.36089,0.11904,0.26576,0.26879,211442332,213220031,2.56346,383.2,28.0,2019-06-30 19:35:53
-999,997.70251,26.13000,51.03808,15.20911,-999,-999,-999,0.31259,0.29005,0.46591,0.33706,0.36556,0.11345,0.26485,0.26805,210221140,213220031,5.11302,379.8,28.1,2019-06-30 19:35:55
-999,997.67767,26.15000,50.94824,15.20007,-999,-999,-999,0.31003,0.28684,0.46362,0.33339,0.36052,0.11758,0.26485,0.26686,210133110,213220031,5.36089,385.7,28.1,2019-06-30 19:36:03
-999,997.74359,26.18000,51.00195,15.24410,-999,-999,-999,0.31397,0.29197,-999,-999,-999,-999,-999,-999,-999,-999,-999,382.4,28.1,2019-06-30 19:36:08
-999,997.69641,26.19000,51.07422,15.27537,-999,-999,-999,0.31479,0.29316,0.46224,0.33953,0.36217,0.11785,0.26576,0.26860,210200004,213220034,5.26829,380.5,28.1,2019-06-30 19:36:18
-999,997.68090,26.20000,51.25781,15.34052,-999,-999,-999,0.31442,0.29078,0.45977,0.33614,0.35933,0.11318,0.26155,0.26686,202011002,213220031,10.99997,382.4,28.1,2019-06-30 19:36:23
-999,997.77935,26.22000,51.25976,15.35953,-999,-999,-999,0.31589,0.29252,0.46160,0.33944,0.36519,0.11135,0.26695,0.27245,204310241,213220024,6.56001,383.0,28.1,2019-06-30 19:36:26
-999,997.71087,26.22000,51.15918,15.32890,-999,-999,-999,0.31635,0.29316,-999,-999,-999,-999,-999,-999,-999,-999,-999,382.9,28.1,2019-06-30 19:36:32
-999,997.62622,26.24000,51.15137,15.34494,-999,-999,-999,0.31562,0.29298,0.46398,0.34329,0.36510,0.11849,0.26851,0.26961,202300320,213220031,10.04699,381.2,28.1,2019-06-30 19:36:40
-999,997.66546,26.26000,51.13183,15.35739,-999,-999,-999,0.31177,0.29133,0.46197,0.33816,0.36529,0.11428,0.26622,0.26906,203300141,213220024,8.34110,385.8,28.1,2019-06-30 19:36:45
-999,997.77252,26.28000,51.03418,15.34599,-999,-999,-999,0.31314,0.29060,0.45766,0.33605,0.36538,0.11611,0.26897,0.27108,202202222,213220031,10.36414,378.9,28.1,2019-06-30 19:36:48
-999,997.64501,26.28000,51.02344,15.34271,-999,-999,-999,0.31360,0.29216,0.45977,0.34210,0.36464,0.11639,0.26787,0.27108,202331002,213220023,9.83691,382.8,28.1,2019-06-30 19:36:59
-999,997.81610,26.30000,51.04590,15.36798,-999,-999,-999,0.31433,0.29261,-999,-999,-999,-999,-999,-999,-999,-999,-999,383.4,28.1,2019-06-30 19:37:03
-999,997.70404,26.32000,50.93750,15.35323,-999,-999,-999,0.31497,0.29161,0.45959,0.34027,0.36501,0.12106,0.26210,0.26576,203020203,213220031,9.22972,380.5,28.1,2019-06-30 19:37:09
-999,997.76470,26.35000,50.95019,15.38473,-999,-999,-999,0.31351,0.29206,0.45720,0.33761,0.36245,0.11822,0.26549,0.26952,203212210,213220031,8.58655,381.4,28.2,2019-06-30 19:37:14
-999,997.66802,26.36000,50.96191,15.39752,-999,-999,-999,0.31131,0.28776,-999,-999,-999,-999,-999,-999,-999,-999,-999,381.1,28.1,2019-06-30 19:37:18
-999,997.65588,26.39000,50.99512,15.43529,-999,-999,-999,0.31488,0.28931,0.45720,0.33981,0.36125,0.11382,0.26723,0.27089,211124444,213220031,3.69537,380.4,28.2,2019-06-30 19:37:27
-999,997.62774,26.39000,51.14746,15.48185,-999,-999,-999,0.31415,0.28913,0.46179,0.33917,0.36565,0.11840,0.26595,0.27126,204431213,213220034,6.06948,382.0,28.2,2019-06-30 19:37:30
-999,997.68499,26.41000,51.05762,15.47282,-999,-999,-999,0.31461,0.29096,0.46124,0.33807,0.36180,0.11162,0.26686,0.26879,204014133,213220024,7.53433,378.9,28.2,2019-06-30 19:37:35
-999,997.72357,26.43000,51.10156,15.50466,-999,-999,-999,0.31406,0.29261,-999,-999,-999,-999,-999,-999,-999,-999,-999,382.8,28.2,2019-06-30 19:37:42
-999,997.67205,26.44000,51.11230,15.51715,-999,-999,-999,0.31818,0.29096,0.46114,0.34109,0.36217,0.11749,0.26888,0.27108,204102311,213220030,7.28404,382.0,28.1,2019-06-30 19:37:48
-999,997.75939,26.47000,51.11719,15.54626,-999,-999,-999,0.31397,0.28931,0.46637,0.33825,0.36419,0.11245,0.26824,0.26998,202104111,213220030,10.68207,381.6,28.2,2019-06-30 19:37:51
-999,997.84405,26.49000,51.32129,15.62694,-999,-999,-999,0.31589,0.29023,0.46353,0.34045,0.36538,0.11794,0.27089,0.27071,203330413,213220022,8.12892,381.4,28.2,2019-06-30 19:37:58
-999,997.75140,26.50000,51.31250,15.63347,-999,-999,-999,0.31699,0.29051,0.46417,0.34183,0.36080,0.11135,0.26695,0.26705,210440100,213220024,4.30790,384.6,28.2,2019-06-30 19:38:07
-999,997.70343,26.52000,51.15234,15.60303,-999,-999,-999,0.31213,0.29106,0.46802,0.34604,0.36721,0.11620,0.27218,0.27218,201103420,213220034,12.39744,381.9,28.3,2019-06-30 19:38:39
-999,997.67419,26.54000,51.10351,15.60652,-999,-999,-999,0.31030,0.29078,0.46655,0.34329,0.35924,0.11336,0.26375,0.26686,211212101,213220022,3.45943,382.6,28.3,2019-06-30 19:38:47
-999,997.65985,26.54000,51.09375,15.60353,-999,-999,-999,0.31717,0.29243,0.47031,0.34668,0.36694,0.11226,0.26063,0.26384,203432300,213220024,7.76338,382.5,28.2,2019-06-30 19:38:50
-999,997.63311,26.58000,51.07715,15.63528,-999,-999,-999,0.31525,0.29096,0.46728,0.34476,0.36510,0.11263,0.26805,0.26760,202410013,213220030,9.64493,384.3,28.2,2019-06-30 19:38:53
-999,997.72827,26.58000,51.29101,15.70060,-999,-999,-999,0.31452,0.29005,0.47095,0.34238,0.36455,0.11739,0.26741,0.27135,200331023,213220030,13.25582,383.9,28.3,2019-06-30 19:38:57
-999,997.68280,26.62000,51.27539,15.73267,-999,-999,-999,0.31516,0.29151,0.47196,0.34595,0.36565,0.11474,0.26824,0.27154,201341013,213220022,11.47772,383.4,28.3,2019-06-30 19:39:01
-999,997.62268,26.63000,50.98242,15.65227,-999,-999,-999,0.31360,0.29280,0.46985,0.34311,0.36025,0.11061,0.26375,0.26833,202110213,213220022,10.66514,383.5,28.3,2019-06-30 19:39:05
-999,997.65686,26.65000,50.81250,15.61850,-999,-999,-999,0.31113,0.29032,0.46902,0.34146,0.37023,0.11354,0.26705,0.27044,202200100,213220021,10.39506,385.3,28.3,2019-06-30 19:39:09
-999,997.66326,26.68000,50.94726,15.68751,-999,-999,-999,0.31342,0.29078,-999,-999,-999,-999,-999,-999,-999,-999,-999,380.3,28.3,2019-06-30 19:39:14
-999,997.77978,26.70000,50.79785,15.65999,-999,-999,-999,0.31543,0.29142,0.47086,0.34201,0.36941,0.11043,0.26164,0.27126,211031142,213220023,4.01811,382.9,28.4,2019-06-30 19:39:21
-999,997.71704,26.72000,50.63769,15.62902,-999,-999,-999,0.30902,0.28702,0.47260,0.33981,0.37207,0.11464,0.26503,0.26915,203004344,213220033,9.30696,387.1,28.4,2019-06-30 19:39:25
-999,997.68341,26.74000,50.59961,15.63565,-999,-999,-999,0.31598,0.29216,0.46967,0.34357,0.36648,0.11877,0.26760,0.27117,210120404,213220031,5.46223,384.6,28.3,2019-06-30 19:39:30
-999,997.62170,26.76000,50.75293,15.70134,-999,-999,-999,0.31296,0.28959,-999,-999,-999,-999,-999,-999,-999,-999,-999,383.7,28.4,2019-06-30 19:39:37
-999,997.70141,26.78000,50.51269,15.64555,-999,-999,-999,0.31323,0.29051,0.46536,0.34008,0.36776,0.11400,0.26769,0.26888,204042142,213220034,7.35656,382.7,28.4,2019-06-30 19:39:44
-999,997.73028,26.80000,50.25195,15.58305,-999,-999,-999,0.31268,0.29151,0.46508,0.33880,0.36620,0.11547,0.26457,0.27218,203300134,213220031,8.34152,383.0,28.4,2019-06-30 19:39:48
-999,997.72955,26.81000,50.19238,15.57371,-999,-999,-999,0.31195,0.28968,0.46646,0.34265,0.36758,0.11464,0.26686,0.27144,210042314,213220024,5.64205,382.2,28.4,2019-06-30 19:39:55
-999,997.60546,26.82000,49.85840,15.47863,-999,-999,-999,0.31067,0.28931,-999,-999,-999,-999,-999,-999,-999,-999,-999,384.0,28.4,2019-06-30 19:40:00
-999,997.75329,26.84000,50.02441,15.54890,-999,-999,-999,0.31250,0.29216,0.46169,0.33449,0.36895,0.11987,0.26384,0.27163,203003234,213220034,9.32402,381.7,28.4,2019-06-30 19:40:11
-999,997.72326,26.86000,50.24902,15.63726,-999,-999,-999,0.31543,0.29142,0.45858,0.33440,0.36666,0.10850,0.26118,0.26741,210204420,213220030,5.20156,382.3,28.4,2019-06-30 19:40:21
-999,997.77124,26.88000,50.28223,15.66595,-999,-999,-999,0.31543,0.29133,0.45812,0.32762,0.36318,0.11080,0.25999,0.26851,204321221,213220030,6.47913,382.6,28.4,2019-06-30 19:40:27
-999,997.76513,26.90000,50.21191,15.66245,-999,-999,-999,0.31461,0.29023,0.45894,0.33908,0.36611,0.11025,0.26677,0.26979,202210202,213220030,10.32410,380.4,28.4,2019-06-30 19:40:30
-999,997.73596,26.91000,50.27441,15.69109,-999,-999,-999,0.31534,0.29041,0.46114,0.34100,0.36904,0.11648,0.26567,0.26888,204014231,213220022,7.53161,378.6,28.4,2019-06-30 19:40:33
-999,997.82250,26.91000,50.69043,15.82001,-999,-999,-999,0.31369,0.28950,0.46747,0.34128,0.36703,0.11840,0.26741,0.26833,204011404,213220030,7.56879,383.1,28.5,2019-06-30 19:40:40
-999,997.82061,26.93000,50.74219,15.85438,-999,-999,-999,0.31213,0.28821,0.46408,0.34137,0.36877,0.11061,0.26888,0.26805,202142341,213220030,10.42872,380.6,28.5,2019-06-30 19:40:49
-999,997.81481,26.94000,50.57129,15.81076,-999,-999,-999,0.31351,0.28537,0.46426,0.34402,0.36565,0.11281,0.26805,0.27025,211111334,213220022,3.80767,384.2,28.5,2019-06-30 19:40:57
-999,997.70654,26.97000,50.23926,15.73526,-999,-999,-999,0.31076,0.29069,0.47067,0.34082,0.36574,0.11299,0.26485,0.26870,203030131,213220032,9.16273,383.4,28.5,2019-06-30 19:41:05
-999,997.71093,26.97000,50.05762,15.67862,-999,-999,-999,0.31232,0.29069,0.46655,0.34549,0.36565,0.11144,0.25999,0.26805,210110231,213220030,5.53468,384.8,28.5,2019-06-30 19:41:13
-999,997.91400,26.99000,49.80664,15.61841,-999,-999,-999,0.31415,0.29142,0.46362,0.34192,0.37198,0.10713,0.26255,0.26815,211312211,213220033,3.11479,377.9,28.5,2019-06-30 19:41:18
-999,998.03546,27.01000,50.02051,15.70374,-999,-999,-999,0.31342,0.29142,0.46270,0.34366,0.37069,0.11749,0.26540,0.27099,211421022,213220030,2.72258,381.1,28.5,2019-06-30 19:41:27
-999,997.82904,27.01000,49.96094,15.68511,-999,-999,-999,0.31039,0.29096,-999,-999,-999,-999,-999,-999,-999,-999,-999,382.4,28.5,2019-06-30 19:41:34
-999,997.62243,27.02000,49.88086,15.66921,-999,-999,-999,0.31323,0.29252,0.47077,0.34522,0.36913,0.11382,0.27025,0.26979,211424044,213220033,2.68055,385.7,28.6,2019-06-30 19:41:44
-999,997.91387,27.03000,49.87207,15.67564,-999,-999,-999,0.31543,0.29216,0.48030,0.34173,0.36483,0.10658,0.26521,0.26915,200332230,213220031,13.23654,382.5,28.6,2019-06-30 19:41:48
-999,997.94024,27.04000,49.90234,15.69430,-999,-999,-999,0.31507,0.29142,0.48900,0.34622,0.36629,0.11730,0.26741,0.26787,202330202,213220023,9.84511,384.1,28.6,2019-06-30 19:41:52
-999,997.73632,27.06000,49.84570,15.69489,-999,-999,-999,0.31113,0.29115,-999,-999,-999,-999,-999,-999,-999,-999,-999,384.6,28.6,2019-06-30 19:41:57
-999,997.62658,27.06000,49.81543,15.68539,-999,-999,-999,0.31223,0.28968,0.50037,0.34577,0.37069,0.11254,0.26631,0.26631,144222202,213220031,15.35831,384.4,28.6,2019-06-30 19:42:03
-999,997.67779,27.09000,49.74707,15.69145,-999,-999,-999,0.31433,0.29206,0.50137,0.34219,0.36904,0.11208,0.26375,0.26970,210332321,213220023,4.68415,384.8,28.6,2019-06-30 19:42:11
-999,997.80114,27.09000,49.69629,15.67548,-999,-999,-999,0.31149,0.29206,0.50742,0.34604,0.36840,0.11657,0.26356,0.26897,210222442,213220030,5.09081,382.2,28.6,2019-06-30 19:42:15
-999,997.66040,27.12000,49.73047,15.71375,-999,-999,-999,0.31277,0.29188,0.50541,0.34302,0.36327,0.11125,0.26091,0.26833,203014234,213220033,9.24184,384.7,28.6,2019-06-30 19:42:25
-999,997.84735,27.13000,49.64941,15.69741,-999,-999,-999,0.31012,0.29041,-999,-999,-999,-999,-999,-999,-999,-999,-999,387.0,28.6,2019-06-30 19:42:29
-999,997.64593,27.13000,49.35547,15.60459,-999,-999,-999,0.31094,0.29032,0.50541,0.34760,0.36968,0.11657,0.26998,0.26989,211222201,213220031,3.38872,386.0,28.6,2019-06-30 19:42:37
-999,997.79418,27.15000,49.16601,15.56283,-999,-999,-999,0.31058,0.29142,0.50504,0.34687,0.37133,0.11739,0.26567,0.27172,203424320,213220031,7.80353,387.8,28.6,2019-06-30 19:42:40
-999,997.78375,27.16000,49.15723,15.56920,-999,-999,-999,0.31433,0.29041,-999,-999,-999,-999,-999,-999,-999,-999,-999,388.0,28.6,2019-06-30 19:42:43
-999,997.68267,27.17000,49.12695,15.56873,-999,-999,-999,0.31268,0.29353,0.49194,0.34476,0.37243,0.11675,0.26851,0.26998,204143003,213220031,7.00540,387.8,28.7,2019-06-30 19:42:50
-999,997.67572,27.19000,49.10840,15.58115,-999,-999,-999,0.30993,0.28803,0.48580,0.34118,0.37152,0.11464,0.26375,0.27190,201442204,213220034,11.11769,383.1,28.7,2019-06-30 19:42:55
-999,997.66094,27.20000,49.05859,15.57446,-999,-999,-999,0.31305,0.29161,-999,-999,-999,-999,-999,-999,-999,-999,-999,388.3,28.6,2019-06-30 19:42:58
-999,997.61987,27.20000,49.02832,15.56482,-999,-999,-999,0.30993,0.29060,0.48387,0.34027,0.37445,0.11840,0.26274,0.27218,201343131,213220024,11.44694,387.7,28.8,2019-06-30 19:43:20
-999,997.66094,27.20000,49.06933,15.57788,-999,-999,-999,0.31277,0.28858,0.47425,0.33862,0.37271,0.10924,0.25779,0.26750,204113021,213220023,7.20942,382.4,28.8,2019-06-30 19:43:38
-999,997.73626,27.22000,49.13281,15.61640,-999,-999,-999,0.31571,0.29362,0.46234,0.33532,0.37601,0.11006,0.25889,0.26576,202130321,213220031,10.52567,380.2,28.8,2019-06-30 19:43:43
-999,997.70025,27.21000,49.11133,15.60040,-999,-999,-999,0.31461,0.29371,0.45308,0.32020,0.37216,0.10585,0.26008,0.26595,202034134,213220023,10.81725,385.3,28.8,2019-06-30 19:43:47
-999,997.63513,27.23000,49.08203,15.60940,-999,-999,-999,0.31204,0.29353,0.44758,0.33055,0.36822,0.10887,0.25962,0.26787,144414343,213220023,14.71005,386.0,28.8,2019-06-30 19:43:57
-999,997.71130,27.24000,49.20605,15.65800,-999,-999,-999,0.31085,0.29142,0.44410,0.33055,0.37298,0.10960,0.25806,0.26659,202044224,213220022,10.74656,380.6,28.8,2019-06-30 19:44:08
-999,997.84765,27.24000,49.16504,15.64497,-999,-999,-999,0.31122,0.29326,0.44529,0.33092,0.36712,0.10869,0.26054,0.26567,142121420,213220022,19.12719,383.6,28.8,2019-06-30 19:44:12
-999,997.81481,27.25000,48.80078,15.53793,-999,-999,-999,0.31030,0.29115,0.44813,0.33908,0.36904,0.10731,0.25761,0.26686,200012131,213220022,14.40156,382.2,28.8,2019-06-30 19:44:19
-999,997.76251,27.27000,48.77148,15.54686,-999,-999,-999,0.30993,0.29170,0.44712,0.33578,0.37253,0.11107,0.25816,0.26860,203422220,213220024,7.83342,381.7,28.9,2019-06-30 19:44:31
-999,997.75311,27.27000,48.96582,15.60899,-999,-999,-999,0.31149,0.28996,0.44905,0.33715,0.37280,0.11446,0.25916,0.26842,210231111,213220031,5.04615,381.5,28.9,2019-06-30 19:44:38
-999,997.72485,27.28000,49.07715,15.65364,-999,-999,-999,0.30865,0.28977,0.44208,0.33339,0.37610,0.11547,0.25733,0.26943,203102444,213220034,8.98969,384.6,28.9,2019-06-30 19:44:41
-999,997.70611,27.28000,49.32129,15.73123,-999,-999,-999,0.31525,0.29280,0.44208,0.33431,0.37253,0.10823,0.25907,0.27062,211041213,213220031,3.94882,380.7,28.9,2019-06-30 19:44:45
-999,997.75000,27.30000,49.40430,15.77587,-999,-999,-999,0.31580,0.29252,0.44117,0.33761,0.37665,0.10869,0.25926,0.27034,203220103,213220034,8.54877,383.1,28.9,2019-06-30 19:44:51
-999,997.70782,27.31000,49.60840,15.84956,-999,-999,-999,0.31296,0.29381,0.43787,0.33083,0.37775,0.11125,0.26036,0.27282,203024432,213220024,9.16779,381.3,28.9,2019-06-30 19:44:53
-999,997.72583,27.31000,49.79199,15.90741,-999,-999,-999,0.31048,0.29151,0.44263,0.33862,0.38059,0.11648,0.26301,0.26989,210331411,213220030,4.69585,384.9,28.9,2019-06-30 19:44:57
-999,997.84930,27.31000,49.43652,15.79524,-999,-999,-999,0.31562,0.29252,0.44272,0.34091,0.37308,0.11538,0.26274,0.26979,201234343,213220030,11.83751,383.6,28.9,2019-06-30 19:45:01
-999,997.86987,27.33000,48.72851,15.58800,-999,-999,-999,0.30810,0.28821,0.43851,0.33569,0.37637,0.11208,0.26026,0.26585,202112344,213220022,10.63329,382.7,29.0,2019-06-30 19:45:03
-999,997.66735,27.34000,48.55566,15.54163,-999,-999,-999,0.30764,0.29106,0.44007,0.33495,0.37023,0.10960,0.25706,0.26998,203032340,213220022,9.12896,382.5,29.0,2019-06-30 19:45:21
-999,997.48065,27.33000,48.55566,15.53249,-999,-999,-999,0.31030,0.29316,0.44043,0.34201,0.37408,0.10997,0.26228,0.26686,203202244,213220032,8.65297,380.9,29.0,2019-06-30 19:45:25
-999,997.84234,27.33000,48.65723,15.56512,-999,-999,-999,0.31085,0.29087,0.44511,0.34430,0.37427,0.11639,0.26026,0.27209,200341403,213220024,13.17747,385.0,29.0,2019-06-30 19:45:30
-999,997.88671,27.34000,48.67773,15.58086,-999,-999,-999,0.31021,0.29298,-999,-999,-999,-999,-999,-999,-999,-999,-999,381.8,29.1,2019-06-30 19:45:33
-999,997.73077,27.34000,48.70996,15.59120,-999,-999,-999,0.31259,0.29005,0.44868,0.34705,0.37344,0.11052,0.26008,0.26906,204402204,213220022,6.26071,382.0,29.1,2019-06-30 19:45:39
-999,997.75201,27.36000,48.83203,15.64862,-999,-999,-999,0.31048,0.28950,0.44282,0.34769,0.37289,0.11162,0.26008,0.26924,204333413,213220024,6.37812,385.6,29.0,2019-06-30 19:45:43
-999,997.75122,27.36000,48.90430,15.67173,-999,-999,-999,0.30902,0.29106,0.44007,0.34567,0.37720,0.10814,0.25953,0.26870,201032342,213220034,12.54934,382.3,29.0,2019-06-30 19:45:49
-999,997.83685,27.37000,48.90527,15.68120,-999,-999,-999,0.31030,0.28931,0.44117,0.34265,0.37738,0.11620,0.26118,0.27044,212023310,213220022,2.34547,381.4,29.0,2019-06-30 19:46:00
-999,997.84985,27.38000,48.74414,15.63876,-999,-999,-999,0.30911,0.29206,-999,-999,-999,-999,-999,-999,-999,-999,-999,384.9,29.1,2019-06-30 19:46:04
-999,997.78015,27.39000,48.67383,15.62535,-999,-999,-999,0.30792,0.29133,0.44621,0.34302,0.37289,0.11089,0.26173,0.26943,204201034,213220024,6.96241,385.3,29.1,2019-06-30 19:46:15
-999,997.73577,27.38000,48.78418,15.65159,-999,-999,-999,0.31204,0.28803,0.44428,0.33953,0.36978,0.10768,0.25971,0.26622,210142233,213220034,5.30232,389.2,29.1,2019-06-30 19:46:19
-999,997.90032,27.38000,48.76367,15.64502,-999,-999,-999,0.31525,0.28931,0.44355,0.34384,0.37408,0.11345,0.25852,0.26732,210241412,213220034,4.96975,384.6,29.1,2019-06-30 19:46:24
-999,997.73138,27.38000,48.79394,15.65472,-999,-999,-999,0.31415,0.29344,0.44446,0.34696,0.37418,0.11190,0.25669,0.26338,204411020,213220032,6.21132,386.9,29.1,2019-06-30 19:46:28
-999,997.61157,27.39000,48.79492,15.66419,-999,-999,-999,0.31158,0.29133,0.44611,0.34659,0.37628,0.11593,0.25779,0.26943,144143442,213220032,15.54226,386.8,29.1,2019-06-30 19:46:38
-999,998.04614,27.38000,48.82519,15.66473,-999,-999,-999,0.31039,0.29051,-999,-999,-999,-999,-999,-999,-999,-999,-999,385.1,29.1,2019-06-30 19:46:43
-999,997.87530,27.40000,48.78613,15.67052,-999,-999,-999,0.31030,0.29188,0.44446,0.34192,0.37473,0.11190,0.26036,0.27099,203302034,213220022,8.31650,383.7,29.1,2019-06-30 19:46:54
-999,997.83673,27.41000,48.61621,15.62514,-999,-999,-999,0.31140,0.29326,0.44318,0.34586,0.37518,0.10905,0.25971,0.27053,202230114,213220030,10.18927,385.7,29.2,2019-06-30 19:46:57
-999,997.60607,27.39000,48.40918,15.54017,-999,-999,-999,0.31277,0.29316,0.44529,0.34375,0.37436,0.10676,0.25871,0.26970,204110414,213220022,7.23963,385.4,29.2,2019-06-30 19:47:00
-999,997.68658,27.41000,48.16797,15.48045,-999,-999,-999,0.30728,0.29069,0.44538,0.34430,0.37592,0.10887,0.25541,0.26686,210043304,213220030,5.62902,385.3,29.2,2019-06-30 19:47:15
-999,997.71508,27.40000,48.12598,15.45770,-999,-999,-999,0.30838,0.29225,0.44987,0.34696,0.37747,0.10795,0.25861,0.26769,210032043,213220030,5.71722,387.8,29.2,2019-06-30 19:47:20
-999,997.64648,27.40000,48.49219,15.57608,-999,-999,-999,0.31223,0.29527,0.44776,0.34925,0.37747,0.10731,0.26146,0.26833,204334411,213220030,6.36477,388.8,29.2,2019-06-30 19:47:24
-999,997.73388,27.39000,48.87793,15.69076,-999,-999,-999,0.31094,0.29161,0.45033,0.35209,0.37500,0.10850,0.26118,0.27135,210110144,213220030,5.53654,385.1,29.3,2019-06-30 19:47:32
-999,997.71508,27.40000,48.52246,15.58583,-999,-999,-999,0.30563,0.28840,0.44437,0.35071,0.37546,0.11299,0.26191,0.26723,203432340,213220033,7.76160,386.9,29.2,2019-06-30 19:47:40
-999,997.31726,27.40000,48.40039,15.54648,-999,-999,-999,0.31094,0.29252,0.44401,0.35016,0.37711,0.11281,0.25834,0.27126,210012402,213220031,5.84548,384.2,29.2,2019-06-30 19:47:49
-999,997.70812,27.42000,48.27051,15.52279,-999,-999,-999,0.30773,0.29188,0.43796,0.34797,0.38041,0.11272,0.26173,0.27181,204201000,213220031,6.96469,383.9,29.3,2019-06-30 19:47:54
-999,997.63092,27.41000,48.17969,15.48425,-999,-999,-999,0.30718,0.28684,0.43585,0.34998,0.37812,0.11263,0.25880,0.26787,203340343,213220031,8.06202,382.9,29.3,2019-06-30 19:48:03
-999,997.93701,27.42000,48.15918,15.48674,-999,-999,-999,0.30874,0.29087,-999,-999,-999,-999,-999,-999,-999,-999,-999,385.9,29.2,2019-06-30 19:48:10
-999,997.62231,27.41000,48.18848,15.48710,-999,-999,-999,0.31158,0.29307,0.43044,0.34402,0.38068,0.11089,0.25550,0.26769,212412323,213220031,1.05913,379.5,29.3,2019-06-30 19:48:17
-999,997.71502,27.44000,48.15137,15.50248,-999,-999,-999,0.31406,0.29390,0.42962,0.34622,0.37912,0.10905,0.25513,0.26420,202002340,213220031,11.04451,382.0,29.4,2019-06-30 19:48:24
-999,997.63952,27.42000,48.37207,15.55562,-999,-999,-999,0.31259,0.29463,0.42843,0.34457,0.37473,0.10603,0.25623,0.26668,211402023,213220024,2.84548,381.9,29.4,2019-06-30 19:48:35
-999,997.65325,27.42000,48.50391,15.59814,-999,-999,-999,0.31067,0.29133,0.43475,0.35071,0.37610,0.11400,0.25825,0.26879,202101034,213220031,10.72452,382.2,29.4,2019-06-30 19:48:38
-999,997.80737,27.43000,48.62695,15.64688,-999,-999,-999,0.31232,0.29298,0.42861,0.35301,0.37326,0.10860,0.25367,0.26411,203221400,213220023,8.52661,381.7,29.4,2019-06-30 19:48:43
-999,997.89331,27.44000,48.90234,15.74434,-999,-999,-999,0.31204,0.29216,0.43319,0.35365,0.37628,0.11034,0.25614,0.26833,201342034,213220031,11.46322,382.2,29.4,2019-06-30 19:48:49
-999,997.78002,27.43000,48.78906,15.69892,-999,-999,-999,0.31048,0.29344,0.43768,0.35420,0.37482,0.11354,0.25816,0.26906,203430223,213220023,7.79195,384.3,29.4,2019-06-30 19:48:58
-999,997.66265,27.42000,48.59570,15.62768,-999,-999,-999,0.30865,0.29197,-999,-999,-999,-999,-999,-999,-999,-999,-999,382.9,29.4,2019-06-30 19:49:03
-999,997.94384,27.44000,48.60840,15.65007,-999,-999,-999,0.31213,0.29307,0.43585,0.35832,0.37949,0.10960,0.25687,0.26714,210413402,213220031,4.46383,380.8,29.4,2019-06-30 19:49:12
-999,997.67962,27.43000,48.71777,15.67605,-999,-999,-999,0.30828,0.29023,0.43466,0.35053,0.37683,0.11199,0.26036,0.26640,212212402,213220031,1.74158,382.5,29.5,2019-06-30 19:49:18
-999,997.75689,27.43000,48.69824,15.66978,-999,-999,-999,0.30728,0.28913,0.43237,0.35502,0.38068,0.11263,0.25522,0.26714,203031410,213220031,9.14195,380.0,29.4,2019-06-30 19:49:25
-999,997.65075,27.40000,48.77734,15.66771,-999,-999,-999,0.30773,0.28968,0.43200,0.35246,0.37555,0.10960,0.25944,0.26650,204213313,213220031,6.85985,380.2,29.5,2019-06-30 19:49:34
-999,997.69439,27.42000,48.64648,15.64401,-999,-999,-999,0.30975,0.29225,0.44052,0.35786,0.37720,0.11116,0.26063,0.26879,200422041,213220034,12.96805,380.2,29.5,2019-06-30 19:49:36
-999,997.67529,27.42000,48.42285,15.57201,-999,-999,-999,0.30728,0.29005,-999,-999,-999,-999,-999,-999,-999,-999,-999,380.2,29.5,2019-06-30 19:49:43
-999,997.75756,27.42000,48.12891,15.47692,-999,-999,-999,0.30764,0.29206,0.44052,0.35722,0.37940,0.11483,0.25715,0.26595,211323444,213220021,3.02453,381.4,29.5,2019-06-30 19:49:50
-999,997.61639,27.42000,48.03711,15.44712,-999,-999,-999,0.30957,0.29252,0.43723,0.35850,0.37747,0.10915,0.25843,0.26787,202412124,213220034,9.61457,381.3,29.5,2019-06-30 19:49:53
-999,997.86737,27.42000,48.09863,15.46710,-999,-999,-999,0.30691,0.29005,0.43897,0.35475,0.37885,0.11574,0.25880,0.26970,211433421,213220032,2.61620,383.3,29.5,2019-06-30 19:50:01
-999,997.80737,27.43000,47.95703,15.43022,-999,-999,-999,0.30663,0.28996,0.43402,0.35731,0.37738,0.11492,0.25614,0.26732,204101140,213220032,7.30186,385.4,29.5,2019-06-30 19:50:13
-999,997.77563,27.43000,47.92578,15.42005,-999,-999,-999,0.30966,0.29161,0.42659,0.35227,0.37757,0.11428,0.25559,0.26384,201412434,213220030,11.31538,380.5,29.6,2019-06-30 19:50:23
-999,997.78106,27.42000,48.08789,15.46361,-999,-999,-999,0.30654,0.29051,0.43090,0.35365,0.37473,0.10786,0.25541,0.26549,202041433,213220022,10.78169,382.9,29.5,2019-06-30 19:50:40
-999,997.69256,27.43000,48.17187,15.49999,-999,-999,-999,0.31048,0.29041,0.42733,0.35291,0.37317,0.11272,0.25422,0.26301,143200100,213220021,17.23492,385.6,29.6,2019-06-30 19:50:45
-999,997.94812,27.44000,48.24219,15.53191,-999,-999,-999,0.30948,0.29435,0.43585,0.35218,0.37610,0.10823,0.25550,0.26769,200104230,213220023,14.09808,384.6,29.6,2019-06-30 19:50:51
-999,997.65570,27.44000,48.27344,15.54202,-999,-999,-999,0.30728,0.29298,0.42944,0.35337,0.37482,0.10731,0.25101,0.26741,204303013,213220023,6.59416,383.8,29.6,2019-06-30 19:50:54
-999,997.61889,27.44000,48.40527,15.58462,-999,-999,-999,0.30755,0.28968,0.43218,0.35484,0.37949,0.11217,0.25981,0.26760,210011213,213220031,5.86397,385.5,29.6,2019-06-30 19:50:57
-999,997.76623,27.43000,48.62695,15.64688,-999,-999,-999,0.30948,0.28968,0.42999,0.35731,0.37812,0.11199,0.25357,0.26512,204142241,213220031,7.01164,382.6,29.6,2019-06-30 19:51:02
-999,997.73883,27.43000,48.71875,15.67637,-999,-999,-999,0.30700,0.28895,0.42934,0.35548,0.37711,0.10603,0.25504,0.26457,203044443,213220031,9.03054,382.7,29.6,2019-06-30 19:51:10
-999,997.65325,27.42000,48.70703,15.66345,-999,-999,-999,0.30893,0.29179,0.42036,0.35392,0.38068,0.10878,0.25422,0.26650,203424440,213220031,7.79970,379.4,29.6,2019-06-30 19:51:19
-999,997.73883,27.43000,48.61719,15.64374,-999,-999,-999,0.30920,0.29005,0.41954,0.35530,0.37977,0.10676,0.25770,0.26870,202422012,213220031,9.54938,381.1,29.6,2019-06-30 19:51:35
-999,997.66595,27.43000,48.69726,15.66947,-999,-999,-999,0.31232,0.29390,0.42714,0.35576,0.38297,0.11373,0.25990,0.27099,213220032,213220032,0.00000,381.5,29.7,2019-06-30 19:51:40
-999,997.65216,27.43000,48.60547,15.63998,-999,-999,-999,0.30728,0.29335,0.42504,0.35960,0.37949,0.10942,0.25532,0.26732,210140403,213220041,5.32606,383.8,29.6,2019-06-30 19:51:43
-999,997.78186,27.41000,48.69726,15.65117,-999,-999,-999,0.30966,0.29390,0.42311,0.35850,0.37527,0.10970,0.25715,0.26714,203341230,213220034,8.05225,381.7,29.8,2019-06-30 19:51:53
-999,997.71759,27.42000,48.61621,15.63428,-999,-999,-999,0.30819,0.29298,0.42467,0.35970,0.37793,0.10951,0.25816,0.26686,202334134,213220030,9.79147,382.0,29.7,2019-06-30 19:51:57
-999,997.63171,27.41000,48.52344,15.59528,-999,-999,-999,0.30718,0.29051,0.42549,0.36025,0.37711,0.10960,0.25660,0.26448,204402144,213220030,6.26157,382.5,29.7,2019-06-30 19:52:08
-999,997.77856,27.40000,48.34082,15.52724,-999,-999,-999,0.30810,0.29362,0.42742,0.36263,0.37482,0.11235,0.25541,0.26457,204011024,213220030,7.57864,385.1,29.8,2019-06-30 19:52:13
-999,997.73742,27.40000,48.41211,15.55026,-999,-999,-999,0.30700,0.29206,-999,-999,-999,-999,-999,-999,-999,-999,-999,382.5,29.8,2019-06-30 19:52:17
-999,997.61279,27.41000,48.33105,15.53323,-999,-999,-999,0.30453,0.29032,0.43512,0.36776,0.37922,0.11492,0.25761,0.26668,201110120,213220030,12.37791,384.4,29.8,2019-06-30 19:52:26
-999,997.72772,27.41000,48.29980,15.52313,-999,-999,-999,0.30499,0.29096,0.43732,0.36804,0.37793,0.11226,0.25550,0.26485,210042330,213220023,5.64129,382.7,29.8,2019-06-30 19:52:29
-999,997.53320,27.39000,48.48047,15.56315,-999,-999,-999,0.31048,0.29124,0.43787,0.36684,0.37784,0.11272,0.25935,0.26576,210143030,213220030,5.29403,382.2,29.8,2019-06-30 19:52:33
-999,997.73065,27.38000,48.49121,15.55747,-999,-999,-999,0.30865,0.29188,0.44373,0.36694,0.37692,0.10621,0.25431,0.26439,204132320,213220030,7.07841,382.4,29.8,2019-06-30 19:52:42
-999,997.59344,27.38000,48.56152,15.58010,-999,-999,-999,0.31113,0.28858,0.45299,0.37005,0.38160,0.11125,0.25623,0.26879,204404221,213220033,6.23320,387.5,29.8,2019-06-30 19:52:48
-999,997.74328,27.39000,48.65332,15.61876,-999,-999,-999,0.30828,0.29014,-999,-999,-999,-999,-999,-999,-999,-999,-999,385.4,29.8,2019-06-30 19:52:56
-999,997.61547,27.39000,48.68359,15.62848,-999,-999,-999,0.30563,0.28895,0.44859,0.36941,0.37885,0.11299,0.25596,0.26778,201344230,213220031,11.43083,385.2,29.8,2019-06-30 19:53:03
-999,997.69451,27.38000,48.69238,15.62216,-999,-999,-999,0.30709,0.28766,0.43668,0.36180,0.38077,0.11565,0.25312,0.26604,204031412,213220023,7.43147,383.9,29.8,2019-06-30 19:53:07
-999,997.65771,27.38000,48.61230,15.59643,-999,-999,-999,0.30746,0.29041,0.43264,0.35621,0.37995,0.10960,0.25522,0.26549,203201214,213220030,8.66809,384.7,29.8,2019-06-30 19:53:15
-999,997.62768,27.40000,48.67578,15.63512,-999,-999,-999,0.30764,0.29289,0.42183,0.35291,0.37995,0.10850,0.25651,0.26723,211022003,213220031,4.07796,385.5,29.9,2019-06-30 19:53:25
-999,997.62414,27.39000,48.70508,15.63538,-999,-999,-999,0.30499,0.29005,0.42934,0.34971,0.37757,0.11299,0.25467,0.26466,204321213,213220031,6.47956,390.6,29.8,2019-06-30 19:53:34
-999,997.81536,27.40000,48.68555,15.63826,-999,-999,-999,0.30783,0.29151,0.43539,0.35740,0.37555,0.10869,0.25467,0.26246,203214414,213220031,8.55328,385.7,29.9,2019-06-30 19:53:46
-999,997.59844,27.42000,48.70703,15.66345,-999,-999,-999,0.30728,0.28986,0.44172,0.35218,0.37729,0.11107,0.25669,0.26576,203101402,213220031,9.00548,388.3,29.9,2019-06-30 19:53:49
-999,997.60528,27.40000,48.78613,15.67052,-999,-999,-999,0.31131,0.29179,0.43906,0.35420,0.38114,0.10795,0.26017,0.26732,212033010,213220031,2.28571,388.8,29.9,2019-06-30 19:53:53
-999,997.71398,27.41000,48.81738,15.68969,-999,-999,-999,0.30920,0.29051,0.43319,0.35630,0.37711,0.11125,0.25440,0.26494,203210414,213220032,8.60810,387.3,29.9,2019-06-30 19:53:58
-999,997.77001,27.40000,48.71484,15.64766,-999,-999,-999,0.30847,0.29234,0.43759,0.35759,0.37848,0.10786,0.25577,0.26549,204024022,213220032,7.46963,387.1,29.9,2019-06-30 19:54:09
-999,997.46392,27.40000,48.48144,15.57262,-999,-999,-999,0.30893,0.29225,0.43118,0.36025,0.38206,0.10722,0.25605,0.26723,211034434,213220030,3.96940,384.5,29.9,2019-06-30 19:54:16
-999,997.61798,27.41000,48.20898,15.49374,-999,-999,-999,0.30407,0.29271,0.42614,0.35905,0.37848,0.10557,0.25715,0.26842,202114000,213220030,10.61706,383.1,30.0,2019-06-30 19:54:26
-999,997.74249,27.40000,48.33984,15.52693,-999,-999,-999,0.30755,0.29252,0.42485,0.36299,0.37665,0.11281,0.25733,0.26292,201401033,213220022,11.40822,382.5,30.0,2019-06-30 19:54:32
-999,997.60968,27.40000,48.42187,15.55341,-999,-999,-999,0.30893,0.29023,0.42834,0.36364,0.38160,0.11263,0.25733,0.26851,200113114,213220022,14.04666,384.4,30.0,2019-06-30 19:54:38
-999,997.75622,27.40000,48.53223,15.58897,-999,-999,-999,0.30554,0.28950,-999,-999,-999,-999,-999,-999,-999,-999,-999,385.8,30.0,2019-06-30 19:54:45
-999,997.67828,27.40000,48.60449,15.61222,-999,-999,-999,0.30755,0.28757,0.42586,0.36336,0.37958,0.11144,0.25651,0.26723,201224334,213220024,11.90625,381.6,30.0,2019-06-30 19:54:51
-999,997.61798,27.41000,48.61523,15.62482,-999,-999,-999,0.30718,0.29005,0.43374,0.36290,0.38215,0.11657,0.25907,0.26723,203412343,213220023,7.89756,382.9,30.0,2019-06-30 19:54:58
-999,997.59161,27.40000,48.61328,15.61505,-999,-999,-999,0.30663,0.28785,0.43805,0.36730,0.38041,0.11208,0.25733,0.26723,203304410,213220031,8.28013,387.0,30.0,2019-06-30 19:55:01
-999,997.77752,27.41000,48.62500,15.62796,-999,-999,-999,0.30819,0.29381,0.43970,0.36235,0.37628,0.10795,0.25706,0.26503,204013240,213220031,7.54526,384.1,30.1,2019-06-30 19:55:20
-999,997.54107,27.40000,48.72656,15.65142,-999,-999,-999,0.30480,0.29087,0.43530,0.36345,0.37656,0.10759,0.25147,0.26329,144242214,213220031,15.22075,383.3,30.1,2019-06-30 19:55:37
-999,997.75109,27.40000,48.81738,15.68054,-999,-999,-999,0.30682,0.29188,0.43228,0.36318,0.38288,0.10832,0.25302,0.26650,211020342,213220023,4.09472,385.2,30.1,2019-06-30 19:55:41
-999,997.75622,27.40000,48.90820,15.70960,-999,-999,-999,0.30865,0.29115,0.42852,0.35951,0.37931,0.10704,0.25247,0.26576,200013401,213220033,14.38188,385.9,30.1,2019-06-30 19:55:44
-999,997.77239,27.42000,48.90039,15.72540,-999,-999,-999,0.30902,0.29445,0.42531,0.36492,0.37922,0.11006,0.25596,0.26622,211033303,213220023,3.98736,382.2,30.1,2019-06-30 19:55:48
-999,997.78796,27.40000,49.01074,15.74236,-999,-999,-999,0.30746,0.29060,0.42137,0.36107,0.38022,0.10896,0.25458,0.26411,203342020,213220031,8.04429,384.7,30.1,2019-06-30 19:55:51
-999,997.73559,27.42000,48.94043,15.73821,-999,-999,-999,0.30444,0.29206,0.42275,0.36089,0.38215,0.11428,0.26045,0.26494,204340421,213220031,6.35064,383.2,30.1,2019-06-30 19:55:56
-999,997.56158,27.42000,48.90039,15.72540,-999,-999,-999,0.30663,0.29298,0.42220,0.35805,0.38242,0.11034,0.25018,0.26182,203321044,213220031,8.19324,383.2,30.1,2019-06-30 19:56:03
-999,997.87701,27.42000,48.74805,15.67661,-999,-999,-999,0.30563,0.29289,0.42073,0.35942,0.37876,0.10585,0.25587,0.26521,204040134,213220031,7.38395,386.2,30.2,2019-06-30 19:56:10
-999,997.75689,27.43000,48.55566,15.62395,-999,-999,-999,0.30444,0.29023,0.42440,0.35924,0.38141,0.10905,0.25174,0.26530,210101223,213220031,5.58983,382.4,30.2,2019-06-30 19:56:20
-999,997.66595,27.43000,48.44433,15.58808,-999,-999,-999,0.30508,0.29243,0.42064,0.35933,0.38032,0.10960,0.25174,0.26457,210322211,213220034,4.75645,380.9,30.2,2019-06-30 19:56:28
-999,997.72436,27.44000,48.35449,15.56822,-999,-999,-999,0.30306,0.28977,0.41459,0.35685,0.37564,0.10960,0.25284,0.26494,203403014,213220034,7.96262,382.7,30.2,2019-06-30 19:56:37
-999,997.77813,27.44000,48.44531,15.59754,-999,-999,-999,0.30407,0.29060,0.41642,0.36226,0.38233,0.11263,0.25412,0.26567,210041204,213220030,5.65911,381.8,30.2,2019-06-30 19:56:43
-999,997.89648,27.45000,48.40625,15.59408,-999,-999,-999,0.30718,0.29298,-999,-999,-999,-999,-999,-999,-999,-999,-999,380.6,30.2,2019-06-30 19:56:49
-999,997.70874,27.45000,48.47754,15.61708,-999,-999,-999,0.30572,0.29408,0.41880,0.36749,0.38838,0.11629,0.25385,0.26732,201131404,213220030,12.21988,382.9,30.2,2019-06-30 19:56:56
-999,997.75927,27.45000,48.60937,15.65952,-999,-999,-999,0.30746,0.29225,0.41917,0.36299,0.38151,0.11501,0.25412,0.26677,204332214,213220022,6.39696,382.7,30.2,2019-06-30 19:56:59
-999,997.73107,27.46000,48.74219,15.71134,-999,-999,-999,0.30874,0.28821,0.41716,0.35878,0.38233,0.10685,0.25202,0.26292,210133401,213220030,5.35302,381.2,30.2,2019-06-30 19:57:09
-999,998.04235,27.45000,48.76269,15.70876,-999,-999,-999,0.30609,0.29271,0.41661,0.36510,0.37839,0.10823,0.25293,0.26604,203001000,213220030,9.35853,382.4,30.3,2019-06-30 19:57:15
-999,997.85455,27.46000,48.67090,15.68845,-999,-999,-999,0.30902,0.29252,-999,-999,-999,-999,-999,-999,-999,-999,-999,385.1,30.3,2019-06-30 19:57:20
-999,997.65710,27.46000,48.59961,15.66553,-999,-999,-999,0.30764,0.29408,0.41935,0.36620,0.38013,0.10603,0.24771,0.26017,211311001,213220030,3.13418,383.8,30.3,2019-06-30 19:57:35
-999,997.73858,27.47000,48.58105,15.66871,-999,-999,-999,0.30471,0.28785,0.41935,0.36180,0.38361,0.11162,0.25504,0.26375,204101210,213220030,7.30056,382.1,30.3,2019-06-30 19:57:39
-999,997.66064,27.47000,48.07324,15.50454,-999,-999,-999,0.30022,0.28904,0.41963,0.36968,0.38316,0.11098,0.25458,0.26365,204022340,213220030,7.48770,385.4,30.3,2019-06-30 19:57:43
-999,997.57330,27.48000,47.92187,15.46444,-999,-999,-999,0.30315,0.28996,0.41670,0.36749,0.38471,0.11409,0.25412,0.26549,200433131,213220031,12.88350,385.3,30.3,2019-06-30 19:57:47
-999,997.76092,27.47000,48.13574,15.52482,-999,-999,-999,0.30517,0.29298,0.42714,0.37546,0.38481,0.11446,0.25724,0.26824,204112424,213220023,7.21183,386.6,30.3,2019-06-30 19:57:53
-999,997.72424,27.48000,48.36914,15.60952,-999,-999,-999,0.30865,0.29078,0.43264,0.37023,0.38325,0.11437,0.25825,0.26604,203204233,213220030,8.62607,381.4,30.4,2019-06-30 19:58:03
-999,997.72424,27.48000,48.53125,15.66182,-999,-999,-999,0.30581,0.28986,0.42870,0.36749,0.38206,0.10722,0.25339,0.26521,211102014,213220031,3.87211,383.7,30.4,2019-06-30 19:58:11
-999,997.73248,27.48000,48.59180,15.68131,-999,-999,-999,0.30499,0.28922,0.43163,0.37023,0.38306,0.10915,0.25467,0.26365,210314313,213220031,4.79422,385.2,30.4,2019-06-30 19:58:15
-999,997.68811,27.47000,48.58105,15.66871,-999,-999,-999,0.30489,0.28611,0.42742,0.36510,0.37867,0.10456,0.25257,0.26448,201114032,213220031,12.32526,379.1,30.3,2019-06-30 19:58:27
-999,997.75158,27.48000,48.53125,15.66182,-999,-999,-999,0.29995,0.29151,0.42779,0.36611,0.37949,0.11199,0.25018,0.26659,204304340,213220023,6.57096,383.5,30.3,2019-06-30 19:58:32
-999,997.72302,27.48000,48.62305,15.69136,-999,-999,-999,0.30334,0.28455,-999,-999,-999,-999,-999,-999,-999,-999,-999,382.1,30.4,2019-06-30 19:58:37
-999,997.66571,27.47000,48.80273,15.73990,-999,-999,-999,0.30609,0.29170,0.42870,0.36492,0.38242,0.10988,0.25330,0.26530,211034001,213220033,3.98263,382.1,30.5,2019-06-30 19:58:44
-999,997.65954,27.48000,48.95801,15.79876,-999,-999,-999,0.30627,0.29096,0.42733,0.37133,0.38462,0.10795,0.25312,0.26540,203240030,213220031,8.41309,385.4,30.4,2019-06-30 19:58:47
-999,997.63641,27.48000,48.94726,15.79532,-999,-999,-999,0.30810,0.29032,-999,-999,-999,-999,-999,-999,-999,-999,-999,384.3,30.4,2019-06-30 19:58:53
-999,997.72424,27.48000,48.93750,15.79220,-999,-999,-999,0.30627,0.29069,0.43310,0.37436,0.38416,0.11281,0.25504,0.26851,212143420,213220031,1.86383,382.2,30.4,2019-06-30 19:59:00
-999,997.70068,27.48000,48.90723,15.78252,-999,-999,-999,0.30434,0.29096,0.43255,0.36932,0.37757,0.10988,0.25257,0.26072,202123414,213220031,10.55051,380.8,30.4,2019-06-30 19:59:03
-999,997.69750,27.47000,48.82422,15.74679,-999,-999,-999,0.30737,0.29170,-999,-999,-999,-999,-999,-999,-999,-999,-999,381.4,30.5,2019-06-30 19:59:09
-999,997.41455,27.46000,48.23437,15.54765,-999,-999,-999,0.30260,0.29069,0.42861,0.36822,0.38444,0.10777,0.25202,0.26576,202224402,213220024,10.19541,380.8,30.5,2019-06-30 19:59:20
-999,997.77362,27.48000,48.28711,15.58300,-999,-999,-999,0.30691,0.28766,0.42852,0.36868,0.38169,0.10850,0.25220,0.26420,204411212,213220023,6.20577,383.7,30.5,2019-06-30 19:59:30
-999,997.87908,27.48000,48.32812,15.59627,-999,-999,-999,0.30489,0.29133,0.43301,0.37124,0.38279,0.11089,0.25477,0.26585,204420413,213220033,6.14598,384.1,30.5,2019-06-30 19:59:34
-999,997.60388,27.49000,48.08496,15.52661,-999,-999,-999,0.30178,0.29005,0.42925,0.37289,0.38242,0.11144,0.25348,0.26540,201414400,213220031,11.29020,382.4,30.5,2019-06-30 19:59:37
-999,997.72302,27.48000,48.13574,15.53396,-999,-999,-999,0.30444,0.28867,0.43603,0.37738,0.38096,0.11153,0.24918,0.26549,203333241,213220023,8.09203,382.8,30.5,2019-06-30 19:59:41
-999,997.64587,27.48000,48.23730,15.56688,-999,-999,-999,0.30499,0.29032,-999,-999,-999,-999,-999,-999,-999,-999,-999,383.1,30.5,2019-06-30 19:59:48
